"region","building","floor","capacity"
"1429-3141-clwa-1429",128,438,48
"1500-3141-clwa-1500",128,438,77
"2019-3142-clwa-2019",128,439,44
"2051-3142-clwa-2051",128,439,35
"2065-3142-clwa-2065",128,439,35
"2209-3142-clwa-2209",128,439,35
"2231-3142-clwa-2231",128,439,35
"3019-3143-clwa-3019",128,440,35
"1300-3141-clwb-1300",128,438,NULL
"1100-3141-clwe-1100",128,438,NULL
"1200-3141-clwb-1200",128,438,NULL
"1100-3141-clwc-1100",128,438,NULL
"162-3041-clwa-162",95,334,56
"360-3023-clwa-360",25,324,53
"219-3022-clwa-219",25,196,46
"1121-3081-clwa-1121",27,198,35
"2110-3082-clwa-2110",27,434,35
"1150a-3081-clwa-1150a",27,198,35
"2210-3082-clwa-2210",27,434,35
"4430-3084-clwa-4430",27,436,35
"3207-3083-clwa-3207",27,435,35
"4111-3084-clwa-4111",27,436,35
"1200-3081-clwf-1200",27,198,35
"1111-3081-clwa-1111",27,198,35
"2430-3082-clwa-2430",27,434,35
"2111-3082-clwa-2111",27,434,35
"5235hall-3085-clwa-5235hall",27,437,35
"2059-3142-clwa-2059",128,439,35
"2099-3142-clwa-2099",128,439,35
"259-3022-clwa-259",25,196,86
"Public Services",NULL,NULL,NULL
"William J. Gillespie Performance Studios",NULL,NULL,NULL
"Tamkin Student Lecture Building",NULL,NULL,NULL
"Contemporary Arts Center",NULL,NULL,NULL
"270-4002-clwa-270",66,344,118
"293-4002-clwa-293",66,344,137
"Verano Place 67000",NULL,NULL,NULL
"Student Center",NULL,NULL,NULL
"Anteater Stadium",NULL,NULL,NULL
"California Univ Research Park",NULL,NULL,NULL
"Anteater Community Resource Center",NULL,NULL,NULL
"Medical Sciences Classroom Facility",NULL,NULL,NULL
"Medical Surge I",NULL,NULL,NULL
"Tierney Uni House",NULL,NULL,NULL
"Mesa Arts Building",NULL,NULL,NULL
"Medical Education Building",NULL,NULL,NULL
"307-4003-clwa-307",66,345,43
"334hall-4003-clwa-334hall",66,345,111
"hwy340-4003-clwa-hwy340",66,345,93
"380-4003-clwa-380",66,345,179
"491-4004-clwa-491",66,346,42
"hwy510-4005-clwa-hwy510",66,347,36
"hwy310-4003-clwa-hwy310",66,345,35
"345-4003-clwa-345",66,345,35
"385-4003-clwa-385",66,345,35
"hwy410-4004-clwa-hwy410",66,346,35
"411-4004-clwa-411",66,346,35
"hwy440-4004-clwa-hwy440",66,346,35
"441-4004-clwa-441",66,346,35
"453-4004-clwa-453",66,346,35
"513-4005-clwa-513",66,347,35
"1431-3141-clwa-1431",128,438,35
"1425-3141-clwa-1425",128,438,35
"4219-3144-clwa-4219",128,441,35
"2",128,NULL,164
"5",128,NULL,50
"6",128,NULL,47
"2",25,NULL,154
"100-3041-clwa-100",95,334,35
"136-3041-clwa-136",95,334,35
"209-3022-clwa-209",25,196,58
"6131-3146-clwa-6131",128,443,35
"1400-3251-clwb-1400",29,200,4
"2",29,NULL,16
"729hall-3037-clwa-729hall",26,331,35
"115hall-3031-clwa-115hall",26,197,35
"hwy-1214-4021-clwa-hwy-1214",130,453,35
"361-4003-clwa-361",66,345,35
"hallway-3026-4013-clwa-hallway-3026",30,450,35
"hwy-3212-4023-clwa-hwy-3212",130,455,35
"174-3021-clwa-174",25,195,35
"4300-4024-clwa-4300",130,456,35
"1432-4021-clwa-1432",130,453,35
"112-6011-clwa-112",39,216,NULL
"cavern-5001-clwb-cavern",31,204,NULL
"200-i412-clwb-200",144,505,NULL
"250-i312-clwa-250",144,505,NULL
"354-1113-clwa-354",63,297,NULL
"100-4111-clwe-100",101,348,NULL
"1200-5191-clwa-1200",75,473,NULL
"3060-0083-clwa-3060",3,281,NULL
"4100-8454-clwa-4100",54,237,NULL
"155-2021-clwa-155",86,306,NULL
"405hall-0024-clwa-405hall",64,253,NULL
"2037-7212-clwd-2037",47,484,NULL
"262-6012-clwa-262",39,372,NULL
"108hall-t001-clwa-108hall",150,513,NULL
"119-2021-clwa-119",86,306,NULL
"3",28,NULL,35
"2150-3082-clwa-2150",27,434,35
"4121-3084-clwa-4121",27,436,35
"1",27,NULL,525
"2",27,NULL,420
"2",30,NULL,43
"3",30,NULL,33
"5",30,NULL,46
"1",130,NULL,41
"2",130,NULL,60
"3",130,NULL,47
"4",130,NULL,39
"5",130,NULL,16
"Information & Computer Science",NULL,NULL,383
"Calif. Inst. for Telecom. & Info. Tech.",NULL,NULL,98
"Rowland Hall",NULL,NULL,772
"Information & Computer Science 2",NULL,NULL,322
"Donald Bren Hall",NULL,NULL,528
"4131-3084-clwa-4131",27,436,35
"1200-3081-clwb-1200",27,198,35
"2217-3082-clwa-2217",27,434,35
"5",27,NULL,385
"3",26,NULL,140
"6",26,NULL,175
"7",26,NULL,70
"8",26,NULL,70
"9",26,NULL,70
"5",26,NULL,70
"Medical Sciences E",NULL,NULL,NULL
"Anteater Recreation Center (ARC)",NULL,NULL,NULL
"Medical Sciences A",NULL,NULL,NULL
"Social Science Plaza A",NULL,NULL,NULL
"Medical Sciences C",NULL,NULL,NULL
"Natural Sciences II",NULL,NULL,171
"3051-3143-clwa-3051",128,440,35
"3059-3143-clwa-3059",128,440,35
"3231-3143-clwa-3231",128,440,35
"4019-3144-clwa-4019",128,441,35
"4051-3144-clwa-4051",128,441,35
"4059-3144-clwa-4059",128,441,35
"4231-3144-clwa-4231",128,441,35
"5019-3145-clwa-5019",128,442,35
"5231-3145-clwa-5231",128,442,35
"3039-3143-clwa-3039",128,440,35
"3065-3143-clwa-3065",128,440,35
"3099-3143-clwa-3099",128,440,35
"3209-3143-clwa-3209",128,440,35
"4065-3144-clwa-4065",128,441,35
"4209-3144-clwa-4209",128,441,35
"5039-3145-clwa-5039",128,442,35
"5059-3145-clwa-5059",128,442,35
"5065-3145-clwa-5065",128,442,35
"5209-3145-clwa-5209",128,442,35
"5219-3145-clwa-5219",128,442,35
"1",25,NULL,196
"1141b-hallway-3081-clwa-1141b-hallway",27,198,35
"1200-3081-clwd-1200",27,198,35
"5232hall-3085-clwa-5232hall",27,437,35
"4418-3084-clwa-4418",27,436,35
"463-4004-clwa-463",66,346,35
"481-4004-clwa-481",66,346,35
"hwy-2432-4022-clwa-hwy-2432",130,454,35
"3300-4023-clwa-3300",130,455,35
"1",74,NULL,NULL
"1",48,NULL,NULL
"2",6,NULL,NULL
"1",32,NULL,NULL
"1",14,NULL,NULL
"b",74,NULL,NULL
"1",75,NULL,NULL
"1",57,NULL,NULL
"4",54,NULL,NULL
"1",145,NULL,NULL
"1",147,NULL,NULL
"3",71,NULL,NULL
"3",63,NULL,NULL
"5099-3145-clwa-5099",128,442,35
"3219-3143-clwa-3219",128,440,35
"6011-3146-clwa-6011",128,443,35
"6029-3146-clwa-6029",128,443,35
"6049-3146-clwa-6049",128,443,35
"1300-3141-clwa-1300",128,438,35
"1200-3141-clwa-1200",128,438,35
"4",128,NULL,61
"458-3024-clwa-458",25,325,35
"mdf-3021-clwa-mdf",25,195,35
"243-3022-clwa-243",25,196,35
"2",66,NULL,240
"3",25,NULL,89
"4",29,NULL,16
"2100-3252-clwa-2100",29,448,4
"2",129,NULL,35
"4",129,NULL,35
"1",129,NULL,35
"3",129,NULL,35
"-1102-3211b-clwa-1102",129,444,10
"w3318hall-3213a-clwa-w3318hall",129,446,10
"w2321hall-3212a-clwa-w2321hall",129,445,10
"0-3212a-clwa-s2233",129,445,10
"3400-4023-clwa-3400",130,455,35
"4114-4024-clwa-4114",130,456,35
"4122-4024-clwa-4122",130,456,35
"5126-4025-clwa-5126",130,457,35
"hwy-5217-4025-clwa-hwy-5217",130,457,35
"hallway-5024-4015-clwa-hallway-5024",30,452,35
"3112-4023-clwa-3112",130,455,35
"3120-4023-clwa-3120",130,455,35
"hwy-4212-4024-clwa-hwy-4212",130,456,35
"4129a-4014-clwa-4129a",30,451,35
"101-4001-clwa-101",66,343,35
"b",30,NULL,NULL
"b",66,NULL,NULL
"2",151,NULL,NULL
"261-4002-clwa-261",66,344,35
"2010-6532-clwa-2010",135,481,NULL
"2080-6532-clwa-2080",135,481,NULL
"126-0921-clwa-126",4,290,NULL
"101hallway-0041-clwa-101hallway",67,256,NULL
"120-2011-clwa-120",18,183,NULL
"fitnesslab-6801-clwa-fitnesslab",41,220,NULL
"1100-4031-clwd-1100",131,458,NULL
"100-5011-clwH-100",106,356,NULL
"120-4151-clwb-120",103,351,NULL
"-518-clwa",9,170,NULL
"3171a-4013-clwa-3171a",30,450,35
"1120-4021-clwa-1120",130,453,35
"2120-4022-clwa-2120",130,454,35
"2138-4022-clwa-2138",130,454,35
"127-4001-clwa-127",66,343,35
"hwy152-4001-clwa-hwy152",66,343,35
"211-4002-clwa-211",66,344,35
"hwy240-4002-clwa-hwy240",66,344,35
"100-5011-clwe-100",106,356,NULL
"111-5061-clwa-111",32,362,NULL
"trailer-m791-clwa-trailer",147,508,NULL
"3000-0033-clwa-3000",65,254,NULL
"209hall-6252-clwa-209hall",110,379,NULL
"4619hall-2224-clwa-4619hall",22,432,NULL
"4006-7214-clwa-4006",47,486,NULL
"1134-4011-clwa-1134",30,203,35
"2046-4012-clwa-2046",30,449,35
"2169-4012-clwa-2169",30,449,35
"1132-4021-clwa-1132",130,453,35
"hwy-2361-4022-clwa-hwy-2361",130,454,35
"164-4001-clwa-164",66,343,35
"3700hall-6053-clwa-3700hall",40,219,NULL
"g474-113g4-clwa-g474",17,301,NULL
"502-1115-clwa-502",63,299,NULL
"2311-2142-clwa-2311",71,423,NULL
"706-2017-clwa-706",18,188,NULL
"100-0021-clwc-100",64,250,NULL
"1600-6051-clwc-1600",40,217,NULL
"c249-113c2-clwa-c249",17,303,NULL
"3200hall-6053-clwd-3200hall",40,219,NULL
"phoenix-2041-clwb-phoenix",19,189,NULL
"5250-2135-clwa-5250",126,421,NULL
"r304hall-8171-clwa-r304hall",120,396,NULL
"g413hall-113g4-clwa-g413hall",17,301,NULL
"a123-113a1-clwa-a123",17,302,NULL
"3104-6113-clwa-3104",134,478,NULL
"135b-6101-clwa-135b",77,374,NULL
"506-2015-clwa-506",18,186,NULL
"100-4111-clwf-100",101,348,NULL
"1433-3141-clwa-1433",128,438,35
"6122-3146-clwa-6122",128,443,35
"6219-3146-clwa-6219",128,443,35
"424-3024-clwa-424",25,325,35
"1301-3251-clwa-1301",29,200,4
"1400-3251-clwa-1400",29,200,4
"3008-3253-clwa-3008",29,201,4
"3100-3253-clwa-3100",29,201,4
"2301-3252-clwa-2301",29,448,4
"117hallway-3231-clwa-117hallway",100,341,10
"4120-3084-clwa-4120",27,436,35
"4006-3254-clwa-4006",29,202,4
"4100-3254-clwa-4100",29,202,4
"2006-3252-clwa-2006",29,448,4
"2421-3252-clwa-2421",29,448,4
"1302-3251-clwa-1302",29,200,4
"346-3023-clwa-346",25,324,35
"1028-4011-clwa-1028",30,203,47
"hallway-5042-4015-clwa-hallway-5042",30,452,59
"221hall-3042-clwa-221hall",95,335,253
"258hall-3042-clwa-258hall",95,335,277
"108-4001-clwa-108",66,343,162
"114-4001-clwa-114",66,343,131
"184-4001-clwa-184",66,343,37
"188-4001-clwa-188",66,343,106
"190-4001-clwa-190",66,343,200
"192-4001-clwa-192",66,343,68
"hwy210-4002-clwa-hwy210",66,344,162
"251-4002-clwa-251",66,344,82
"hallway-1001a-4011-clwa-hallway-1001a",30,203,35
"1123-4011-clwa-1123",30,203,35
"hallway-2006-4012-clwa-hallway-2006",30,449,35
"2141-4012-clwa-2141",30,449,35
"1412-3141-clwa-1412",128,438,56
"1420-3141-clwa-1420",128,438,61
"1423-3141-clwa-1423",128,438,35
"2121-3082-clwa-2121",27,434,35
"w2340hall-3212a-clwa-w2340hall",129,445,10
"553-4005-clwa-553",66,347,45
"539-4005-clwa-539",66,347,35
"563-4005-clwa-563",66,347,35
"581-4005-clwa-581",66,347,35
"591-4005-clwa-591",66,347,35
"hwy540-4005-clwa-hwy540",66,347,35
"105-pv21-clwa-105",148,509,NULL
"2114hall-1012-clwa-2114hall",14,175,NULL
"028hall-0951-clwa-028hall",84,291,NULL
"221-0042-clwa-221",67,257,NULL
"-4112-5174a-clwa-4112",133,472,NULL
"3036-7213-clwa-3036",47,485,NULL
"2400-8452-clwa-2400",54,235,NULL
"226-4152-clwa-226",103,352,NULL
"246-4152-clwa-246",103,352,NULL
"109-4501-clwa-109",105,354,NULL
"100-2121-clwf-100",88,312,NULL
"282hall-8022-clwa-282hall",116,391,NULL
"240-8392-clwc-240",81,408,NULL
"210L-hwy-0022-clwa-210L-hwy",64,251,NULL
"4549-2144-clwa-4549",71,425,NULL
"114-4151-clwa-114",103,351,NULL
"140-4131-clwb-140",102,349,NULL
"126-2101-clwa-126",20,190,NULL
"left-ent-7111-clwa-left-ent",45,225,NULL
"a229-113a2-clwe-a229",17,302,NULL
"3013-7213-clwa-3013",47,485,NULL
"509-1115-clwa-509",63,299,NULL
"426-8254-clwa-426",51,402,NULL
"243-6102-clwa-243",77,375,NULL
"3200hall-6053-clwa-3200hall",40,219,NULL
"2200-6052-clwb-2200",40,218,NULL
"443-6104-clwa-443",77,377,NULL
"b256hall-837b-clwa-b256hall",80,283,NULL
"116-7261-clwa-116",115,387,NULL
"4300-0084-clwa-4300",3,286,NULL
"-602-5206b-clwa-602",35,212,NULL
"172hall-4231-clwa-172hall",104,353,NULL
"-200-t112a-clwa-200",150,514,NULL
"1392-2151-clwa-1392",127,427,NULL
"2102-2112-clwa-2102",6,413,NULL
"3500-0043-clwa-3500",67,269,NULL
"1507-2141-clwa-1507",71,422,NULL
"100-3051-clwb-100",96,336,NULL
"-486-5204a-clwa-486",35,210,NULL
"1-ich1-clwa-01",145,506,NULL
"2062-8432-clwa-2062",82,495,NULL
"120a-0021-clwa-120a",64,250,NULL
"hallway-6052-clwc-hallway",40,218,NULL
"201-4502-clwa-201",105,355,NULL
"lecture-6051-clwb-lecture",40,217,NULL
"4100-0084-clwb-4100",3,286,NULL
"2037-7212-clwa-2037",47,484,NULL
"b112-843b-clwa-b112",82,285,NULL
"2010-0032-clwa-2010",65,264,NULL
"106e-113a1-clwa-a106e",17,302,NULL
"1008-8361-clwa-1008",53,233,NULL
"1008hall-8361-clwa-1008hall",53,233,NULL
"-480-5204a-clwa-480",35,210,NULL
"2113hall-8202-clwa-2113hall",79,398,NULL
"2323-2152-clwa-2323",127,428,NULL
"drumnorth-5205b-clwa-drumnorth",35,211,NULL
"2000-0032-clwa-2000",65,264,NULL
"150-c001-clwb-150",139,499,NULL
"1012hall-0031-clwa-1012hall",65,263,NULL
"g203-113g2-clwa-g203",17,301,NULL
"200-c042-clwd-200",139,500,NULL
"218-4502-clwa-218",105,355,NULL
"drumnorth-5204b-clwa-drumnorth",35,210,NULL
"220-0042-clwa-220",67,257,NULL
"3230-6113-clwa-3230",134,478,NULL
"1100-2111-clwa-1100",6,412,NULL
"5215-5035-clwa-5215",74,468,NULL
"4100-6114-clwa-4100",134,479,NULL
"pippin-5291-clwa-pippin",38,215,NULL
"101-2031-clwa-101",87,309,NULL
"BusStop-7111-clwa-BusStop",45,225,NULL
"430-0024-clwa-430",64,253,NULL
"G005-721b-clwc-G005",47,278,NULL
"315-2103-clwa-315",20,311,NULL
"a220-113a2-clwc-a220",17,302,NULL
"lecture-6052-clwg-lecture",40,218,NULL
"140-5021-clwa-140",68,357,NULL
"1502-8201-clwa-1502",79,490,NULL
"351hall-6103-clwa-351hall",77,376,NULL
"141a-8351-clwa-141a",124,405,NULL
"5800-0085-clwa-5800",3,164,NULL
"200-t202-clwb-200",151,516,NULL
"lecture-6052-clwc-lecture",40,218,NULL
"1800-6111-clwc-1800",134,476,NULL
"284-6802-clwa-284",41,221,NULL
"2216-6112-clwa-2216",134,477,NULL
"1200-5191-clwh-1200",75,473,NULL
"140-8391-clwb-140",81,407,NULL
"-129hall-5201b-clwa-129hall",35,363,NULL
"hallway-6052-clwd-hallway",40,218,NULL
"a228-113a2-clwa-a228",17,302,NULL
"1100-2111-clwd-1100",6,412,NULL
"catwalk-9012-clwb-catwalk",57,241,NULL
"-4302-5174b-clwb-4302",133,472,NULL
"trailer1-5221-clwa-trailer1",37,214,NULL
"buslot-6801-clwa-buslot",41,220,NULL
"558-2015-clwa-558",18,186,NULL
"174-5021-clwa-174",68,357,NULL
"135-0411-clwa-135",72,266,NULL
"2013-2222-clwa-2013",22,430,NULL
"5226-2135-clwa-5226",126,421,NULL
"beach-c042b-clwb-beach",139,500,NULL
"5304-2145-clwa-5304",71,426,NULL
"4000-0084-clwa-4000",3,286,NULL
"5500-2225-clwa-5500",22,433,NULL
"4216-6114-clwa-4216",134,479,NULL
"inspector-0971-clwa-inspector",13,174,NULL
"sorting-1024-clwa-sorting",5,179,NULL
"2130-5192-clwa-2130",75,474,NULL
"2090-0082-clwa-2090",3,163,NULL
"3026-7213-clwa-3026",47,485,NULL
"g308-113g3-clwa-g308",17,301,NULL
"1306-2151-clwa-1306",127,427,NULL
"100-5011-clwc-100",106,356,NULL
"5440hall-3085-clwa-5440hall",27,437,35
"2130-3082-clwa-2130",27,434,35
"147-5151-clwa-147",34,208,NULL
"-2302-5172b-clwa-2302",133,470,NULL
"130-a011-clwb-130",138,497,NULL
"240-5022-clwa-240",68,358,NULL
"2128-6112-clwa-2128",134,477,NULL
"TrainingRm-1051-clwa-TrainingRm",16,181,NULL
"100-0021-clwa-100",64,250,NULL
"110-4151-clwb-110",103,351,NULL
"350-8393-clwb-350",81,409,NULL
"1100-2111-clwe-1100",6,412,NULL
"117-2211-clwa-117",21,191,NULL
"1132hall-5031-clwa-1132hall",74,464,NULL
"140-8391-clwc-140",81,407,NULL
"elev-hallway-2014-clwa-elev-hallway",18,185,NULL
"23-cpt1-clwa-023",141,502,NULL
"40-8393-clwb340",81,409,NULL
"1206hall-8501-clwa-1206hall",55,238,NULL
"1082hall-0031-clwa-1082hall",65,263,NULL
"200-c042-clwf-200",139,500,NULL
"2060-0082-clwa-2060",3,163,NULL
"171-2361-clwa-171",94,323,NULL
"100-2001-clwe-100",85,304,NULL
"c214-113c2-clwa-c214",17,303,NULL
"300-6003-clwa-300",109,369,NULL
"100-t201-clwe-100",151,515,NULL
"atrium-5062-clwa-atrium",32,205,NULL
"b701hall-845b-clwa-b701hall",54,287,NULL
"4300-2224-clwa-4300",22,432,NULL
"340-2103-clwa-340",20,311,NULL
"1305b-8431-clwa-1305b",82,494,NULL
"3040-0083-clwa-3040",3,281,NULL
"pressbox-9171-clwa-pressbox",61,246,NULL
"2008-0032-clwa-2008",65,264,NULL
"250-8392-clwa-250",81,408,NULL
"2300-1052-clwa-2300",16,294,NULL
"190-7141-clwa-190",111,380,NULL
"c610hall-8171-clwa-c610hall",120,396,NULL
"3400-5193-clwa-3400",75,475,NULL
"164hall-8391-clwa-164hall",81,407,NULL
"3410-2223-clwa-3410",22,431,NULL
"256k-1112-clwa-256k",63,296,NULL
"226j-hall-2102-clwa-226j-hall",20,310,NULL
"pool-903b-clwa-pool",10,171,NULL
"159hall-6001-clwa-159hall",109,367,NULL
"g347hall-850b-clwa-g347hall",55,288,NULL
"100-5011-clwf-100",106,356,NULL
"3036hall-8363-clwa-3036hall",53,492,NULL
"3119hall-8503-clwa-3119hall",55,496,NULL
"106-0901-clwa-106",83,289,NULL
"game-c042b-clwa-game",139,500,NULL
"200-t202-clwa-200",151,516,NULL
"100-2121-clwa-100",88,312,NULL
"b309hall-845b-clwa-b309hall",54,287,NULL
"office-0231-clwa-office",7,168,NULL
"100-6101-clwe-100",77,374,NULL
"suite-f-twr1-clwa-suite-f",153,518,NULL
"wellnesslab-6801-clwc-wellnesslab",41,220,NULL
"250-8392-clwb-250",81,408,NULL
"226h-hwy-0022-clwa-226h-hwy",64,251,NULL
"5000-0085-clwa-5000",3,164,NULL
"114-0061-clwa-114",70,260,NULL
"3100-7213-clwa-3100",47,485,NULL
"3107hall-2223-clwa-3107hall",22,431,NULL
"340-8393-clwa-340",81,409,NULL
"1500-3141-clwb-1500",128,438,NULL
"929hall-3039-clwa-929hall",26,333,35
"355-3033-clwa-355",26,327,35
"buslot-6801-clwc-buslot",41,220,NULL
"112-8001-clwa-112",49,229,NULL
"5600-0085-clwa-5600",3,164,NULL
"3266-2133-clwa-3266",126,419,NULL
"1019hall-8361-clwa-1019hall",53,233,NULL
"4225-2144-clwa-4225",71,425,NULL
"172-8351-clwa-172",124,405,NULL
"101-4001-clwd-101",66,343,NULL
"a220-113a2-clwa-a220",17,302,NULL
"242-6012-clwa-242",39,372,NULL
"244hall-8392-clwa-244hall",81,408,NULL
"110-4501-clwa-110",105,354,NULL
"2016-7212-clwa-2016",47,484,NULL
"a228-113a2-clwb-a228",17,302,NULL
"catwalk-7111-clwa-catwalk",45,225,NULL
"f110-8311-clwb-f110",122,403,NULL
"a220-113a2-clwb-a220",17,302,NULL
"218-2192-clwa-218",89,313,NULL
"156-6011-clwa-156",39,216,NULL
"228hall-8212-clwa-228hall",121,399,NULL
"a229-113a2-clwa-a229",17,302,NULL
"220-4132-clwa-220",102,350,NULL
"6533-chc1-clwa-6533",140,501,NULL
"b007-401b-clwa-b007",30,265,NULL
"340-8393-clwc-340",81,409,NULL
"5014-0085-clwa-5014",3,164,NULL
"2028-7212-clwa-2028",47,484,NULL
"g205-113g2-clwc-g205",17,301,NULL
"1548-8201-clwa-1548",79,490,NULL
"307-8393-clwa-307",81,409,NULL
"uadv-t002-clwb-uadv",150,514,NULL
"4110-6114-clwa-4110",134,479,NULL
"248-2022-clwa-248",86,307,NULL
"1300-4031-clwa-1300",131,458,NULL
"2321-2222-clwa-2321",22,430,NULL
"hallway-6051-clwb-hallway",40,217,NULL
"ARBoffice-0961-clwa-ARBoffice",12,173,NULL
"-383-5203a-clwa-383",35,364,NULL
"basement-102b-clwa-basement",5,166,NULL
"106-4151-clwa-106",103,351,NULL
"3165-2113-clwa-3165",6,414,NULL
"barnorth-5205b-clwa-barnorth",35,211,NULL
"320-0023-clwa-320",64,252,NULL
"g205-113g2-clwa-g205",17,301,NULL
"sorting-1023-clwa-sorting",5,178,NULL
"386hall-1023-clwa-386hall",5,178,NULL
"100-3051-clwf-100",96,336,NULL
"a134b-113a1-clwa-a134b",17,302,NULL
"350-8393-clwc-350",81,409,NULL
"room1-0231-clwa-room1",7,168,NULL
"4200-8454-clwa-4200",54,237,NULL
"214-a012-clwb-214",138,498,NULL
"103-2031-clwa-103",87,309,NULL
"-4302-5174b-clwa-4302",133,472,NULL
"g118a-113g1-clwa-g118a",17,301,NULL
"4300-4024-clwb-4300",130,456,NULL
"056hall-610b-clwa-056hall",77,277,NULL
"uadv270-t002-clwa-uadv270",150,514,NULL
"3338-6113-clwa-3338",134,478,NULL
"5218-hallway-2145-clwa-5218-hallway",71,426,NULL
"135-5351-clwa-135",107,365,NULL
"1409hall-8501-clwa-1409hall",55,238,NULL
"3249-6053-clwa-3249",40,219,NULL
"216-8392-clwa-216",81,408,NULL
"3012hall-8503-clwa-3012hall",55,496,NULL
"110-0021-clwb-110",64,250,NULL
"-100hall-3131b-clwa-100hall",97,338,NULL
"193d-8351-clwa-193d",124,405,NULL
"1100-3141-clwd-1100",128,438,NULL
"325-3033-clwa-325",26,327,35
"1100-3141-clwb-1100",128,438,NULL
"auditorium-3111-clwa-auditorium",28,199,35
"2400-3082-clwa-2400",27,434,35
"207a-6012-clwa-207a",39,372,NULL
"102-8391-clwa-102",81,407,NULL
"-1101-3211b-clwa-1101",129,444,10
"-104-5201b-clwa-104",35,363,NULL
"220B-2012-clwa-220B",18,305,NULL
"a220-113a2-clwf-a220",17,302,NULL
"b200-839b-clwc-b200",81,284,NULL
"2200-2222-clwa-2200",22,430,NULL
"restroomhall-6802-clwa-restroomhall",41,221,NULL
"b116-113b1-clwa-b116",17,182,NULL
"3004-8363-clwa-3004",53,492,NULL
"library-tuh1-clwa-library",152,517,NULL
"3238-0033-clwa-3238",65,254,NULL
"279-6802-clwa-279",41,221,NULL
"1102-7211-clwa-1102",47,227,NULL
"100-4111-clwa-100",101,348,NULL
"2800-6052-clwa-2800",40,218,NULL
"2018hall-8362-clwa-2018hall",53,491,NULL
"1012-6111-clwa-1012",134,476,NULL
"200-i312-clwb-200",144,505,NULL
"1130-7281-clwa-1130",48,228,NULL
"342hall-8121-clwa-342hall",50,230,NULL
"b115hall-837b-clwa-b115hall",80,283,NULL
"169-5021-clwa-169",68,357,NULL
"4018-7214-clwa-4018",47,486,NULL
"407hall-6104-clwa-407hall",77,377,NULL
"2030-6532-clwa-2030",135,481,NULL
"200-i412-clwd-200",144,505,NULL
"1100-2111-clwc-1100",6,412,NULL
"111-v671-clwa-111",155,522,NULL
"200-t202-clwe-200",151,516,NULL
"110-4501-clwb-110",105,354,NULL
"178-4231-clwa-178",104,353,NULL
"b510-503b-clwa-b510",74,271,NULL
"3216-0033-clwa-3216",65,254,NULL
"2127-6112-clwa-2127",134,477,NULL
"trailer-m791-clwe-trailer",147,508,NULL
"pressbox-9171b-clwb-pressbox",61,246,NULL
"b68a-400b-clwa-b68a",66,255,NULL
"3300-5193-clwb-3300",75,475,NULL
"courtyard-2221-clwb-courtyard",22,192,NULL
"126-6001-clwa-126",109,367,NULL
"4245-2144-clwa-4245",71,425,NULL
"3710-6053-clwa-3710",40,219,NULL
"phoenix-2041-clwa-phoenix",19,189,NULL
"178-6011-clwc-178",39,216,NULL
"118-4151-clwa-118",103,351,NULL
"2200-6052-clwa-2200",40,218,NULL
"f110-8311-clwg-f110",122,403,NULL
"2037-7212-clwb-2037",47,484,NULL
"149-5021-clwa-149",68,357,NULL
"lobby-0082-clwb-lobby",3,163,NULL
"-5-0901t-clwa-005",83,289,NULL
"-369-5203b-clwa-369",35,364,NULL
"L044hall-836b-clwa-L044hall",53,282,NULL
"b209hall-837b-clwa-b209hall",80,283,NULL
"249a-7152-clwa-249a",112,383,NULL
"100-2121-clwe-100",88,312,NULL
"hvac-n-0912-clwa-hvac-n",11,172,NULL
"902hall-3039-clwa-902hall",26,333,35
"416hall-3034-clwa-416hall",26,328,35
"mdf-3031-clwa-mdf",26,197,35
"1112-3081-clwa-1112",27,198,35
"4200-3084-clwa-4200",27,436,35
"1200-3081-clwc-1200",27,198,35
"5292hall-3085-clwa-5292hall",27,437,35
"5300-3085-clwa-5300",27,437,35
"1111-0031-clwc-1111",65,263,NULL
"1014-8451-clwa-1014",54,234,NULL
"110-6101-clwb-110",77,374,NULL
"garage-tuh1-clwa-garage",152,517,NULL
"1131-0031-clwb-1131",65,263,NULL
"272-hall-2102-clwa-272-hall",20,310,NULL
"1043hall-8191-clwa-1043hall",137,489,NULL
"310b-0023-clwa-310b",64,252,NULL
"344hall-8393-clwa-344hall",81,409,NULL
"pavillion-9172a-clwa-pavilion",61,247,NULL
"5212hall-3085-clwa-5212hall",27,437,35
"108-6011-clwa-108",39,216,NULL
"338fhall-1113-clwa-338fhall",63,297,NULL
"study-1021-clwa-study",5,176,NULL
"b410-519b-clwa-b410",75,272,NULL
"b310-519b-clwa-b310",75,272,NULL
"250-c042-clwa-250",139,500,NULL
"Archives-1023-clwa-Archives",5,178,NULL
"100-t201-clwa-100",151,515,NULL
"150-8391-clwc-150",81,407,NULL
"-329-5203b-clwa-329",35,364,NULL
"1222-2131-clwa-1222",126,417,NULL
"courtyard-6011-clwa-courtyard",39,216,NULL
"4059-7214-clwa-4059",47,486,NULL
"-586-5205a-clwa-586",35,211,NULL
"251-6012-clwa-251",39,372,NULL
"-1242-5171a-clwa-1242",133,469,NULL
"122-2011-clwa-122",18,183,NULL
"3040hall-0083-clwa-3040hall",3,281,NULL
"4022-6114-clwa-4022",134,479,NULL
"1006-8501-clwa-1006",55,238,NULL
"G005-721b-clwa-G005",47,278,NULL
"hallway-8452-clwb-hallway",54,235,NULL
"100-6101-clwb-100",77,374,NULL
"209-1112-clwa-209",63,296,NULL
"fitnesslab-6801-clwb-fitnesslab",41,220,NULL
"109-0041-clwa-109",67,256,NULL
"g118c-113g1-clwb-g118c",17,301,NULL
"3000hall-0083-clwa-3000hall",3,281,NULL
"tfhouse-9071-clwa-tfhouse",59,244,NULL
"1514-8201-clwa-1514",79,490,NULL
"232-6012-clwa-232",39,372,NULL
"162-2021-clwa-162",86,306,NULL
"3271-6053-clwa-3271",40,219,NULL
"drumwest-5206b-clwa-drumWest",35,212,NULL
"3200hall-6053-clwc-3200hall",40,219,NULL
"b35-400b-clwa-b35",66,255,NULL
"lecture-6051-clwe-lecture",40,217,NULL
"215-1112-clwa-215",63,296,NULL
"3800mhall-0043-clwa-3800mhall",67,269,NULL
"2004hall-8362-clwa-2004hall",53,491,NULL
"g205-113g2-clwb-g205",17,301,NULL
"246-7152-clwa-246",112,383,NULL
"g319-113g3-clwa-g319",17,301,NULL
"g242-113g2-clwa-g242",17,301,NULL
"living-tuh1-clwa-living",152,517,NULL
"150-c001-clwe-150",139,499,NULL
"1517-2141-clwa-1517",71,422,NULL
"3070-6533-clwa-3070",135,482,NULL
"controlRm-0401-clwa-controlRm",8,169,NULL
"158-t001-clwa-158",150,513,NULL
"1600-3141-clwc-1600",128,438,NULL
"-2300-3211b-clwa-e1175",129,444,10
"108-3231-clwa-108",100,341,10
"3131-3083-clwa-3131",27,435,35
"1023hall-8191-clwa-1023hall",137,489,NULL
"paciolan-7131-clwa-paciolan",46,226,NULL
"529hall-3035-clwa-529hall",26,329,35
"169-0411-clwb-169",72,266,NULL
"250-t112-clwe-250",150,514,NULL
"office-scp1-clwa-office",149,512,NULL
"study-1012-clwg-study",14,175,NULL
"b200-839b-clwb-b200",81,284,NULL
"1207-8451-clwa-1207",54,234,NULL
"a219a-113a2-clwb-a219a",17,302,NULL
"b203-113b2-clwa-b203",17,182,NULL
"338-private-1113-clwa-338-private",63,297,NULL
"-229-5202b-clwa-229",35,209,NULL
"a219a-113a2-clwa-a219a",17,302,NULL
"plaza-3022-clwa-plaza",25,196,NULL
"1100-6051-clwa-1100",40,217,NULL
"1200-5191-clwc-1200",75,473,NULL
"436-2024-clwa-436",86,308,NULL
"3101-8453-clwc-3101",54,236,NULL
"215-2212-clwa-215",21,314,NULL
"205-8392-clwa-205",81,408,NULL
"3220-1013-clwa-3220",14,411,NULL
"102-0041-clwa-102",67,256,NULL
"2005-0032-clwa-2005",65,264,NULL
"281hall-4152-clwa-281hall",103,352,NULL
"g118d-113g1-clwb-g118d",17,301,NULL
"hallway-6052-clwf-hallway",40,218,NULL
"560-5025-clwa-560",68,361,NULL
"paciolan1-9171b-clwa-paciolan1",61,246,NULL
"1120-6051-clwb-1120",40,217,NULL
"infodesk-1021-clwa-infodesk",5,176,NULL
"b226hall-837b-clwa-b226hall",80,283,NULL
"358hall-0033-clwa-358hall",65,254,NULL
"156-5021-clwa-156",68,357,NULL
"3216-6113-clwa-3216",134,478,NULL
"lobby-0051-clwa-lobby",1,160,NULL
"430-0024-clwb-430",64,253,NULL
"1200-5191-clwe-1200",75,473,NULL
"3010-6533-clwa-3010",135,482,NULL
"4264-2134-clwa-4264",126,420,NULL
"catwalk-7101-clwa-catwalk",44,224,NULL
"lobby-1022-clwa-lobby",5,177,NULL
"c107-113c1-clwa-c107",17,303,NULL
"174-5021-clwb-174",68,357,NULL
"trailer-m791-clwd-trailer",147,508,NULL
"373hall-6103-clwa-373hall",77,376,NULL
"1400-5191-clwb-1400",75,473,NULL
"1165-2111-clwa-1165",6,412,NULL
"274-6002-clwa-274",109,368,NULL
"240-8252-clwa-240",51,400,NULL
"2920-4042-clwa-2920",132,460,NULL
"228-2022-clwb-228",86,307,NULL
"100-4501-clwa-100",105,354,NULL
"120ghall-8021-clwa-120ghall",116,390,NULL
"2001-6112-clwa-2001",134,477,NULL
"150-c001-clwa-150",139,499,NULL
"1020-6531-clwa-1020",135,480,NULL
"3243-hallway-2143-clwa-3243-hallway",71,424,NULL
"study-1023-clwa-study",5,178,NULL
"429hall-6004-clwa-429hall",109,370,NULL
"159-2021-clwa-159",86,306,NULL
"entrance-7101-clwa-entrance",44,224,NULL
"101b-3171-clwa-101b",99,340,10
"3110-3083-clwa-3110",27,435,35
"2212-3082-clwa-2212",27,434,35
"100-2121-clwb-100",88,312,NULL
"track-9111-clwa-track",60,245,NULL
"1121-0031-clwa-1121",65,263,NULL
"east-9012-clwa-east",57,241,NULL
"f110-8311-clwf-f110",122,403,NULL
"2310-6112-clwa-2310",134,477,NULL
"1029-8451-clwa-1029",54,234,NULL
"1216Hall-5031-clwa-1216Hall",74,464,NULL
"javacity-3081-clwa-javacity",27,198,35
"lecture-6051-clwg-lecture",40,217,NULL
"155-1111-clwa-155",63,295,NULL
"1230-2141-clwa-1230",71,422,NULL
"5412hall-0085-clwa-5412hall",3,164,NULL
"b105-519b-clwa-b105",75,272,NULL
"3045-6113-clwa-3045",134,478,NULL
"c208hall-8171-clwa-c208hall",120,396,NULL
"hallway-8452-clwa-hallway",54,235,NULL
"5624hall-0085-clwa-5624hall",3,164,NULL
"263hall-4152-clwa-263hall",103,352,NULL
"1100-4031-clwa-1100",131,458,NULL
"L040-836b-clwa-L040",53,282,NULL
"250-t112-clwd-250",150,514,NULL
"2024-0032-clwa-2024",65,264,NULL
"G021-721b-clwa-G021",47,278,NULL
"1304-2151-clwa-1304",127,427,NULL
"patio-0082-clwb-patio",3,163,NULL
"330-0023-clwa-330",64,252,NULL
"3310-2223-clwb-3310",22,431,NULL
"1328hallway-5191-clwa-1328hallway",75,473,NULL
"koll-hall-9011-clwa-koll-hall",57,240,NULL
"100-2121-clwh-100",88,312,NULL
"g480-113g4-clwa-g480",17,301,NULL
"299e-8022-clwa-299e",116,391,NULL
"courtyard-8271-clwa-courtyard",52,232,NULL
"106d-113a1-clwa-a106d",17,302,NULL
"153hall-0051-clwa-153hall",1,160,NULL
"b212-417b-clwa-b212",73,268,NULL
"r102-8171-clwa-r102",120,396,NULL
"-471-5204a-clwa-471",35,210,NULL
"1421hallway-5191-clwa-1421hallway",75,473,NULL
"474-5024-clwa-474",68,360,NULL
"lecture-6051-clwk-lecture",40,217,NULL
"aud189-8351-clwf-aud189",124,405,NULL
"5416-2145-clwa-5416",71,426,NULL
"150-c001-clwj-150",139,499,NULL
"-105hall-a011a-clwa-105hall",138,497,NULL
"1114-6111-clwa-1114",134,476,NULL
"BusStop-9031-clwa-BusStop",10,243,NULL
"4347-6114-clwa-4347",134,479,NULL
"414-2214-clwa-414",21,316,NULL
"3316Hall-5033-clwa-3316Hall",74,466,NULL
"152-2021-clwa-152",86,306,NULL
"g302-113g3-clwa-g302",17,301,NULL
"4000-8454-clwa-4000",54,237,NULL
"4800dhall-0044-clwa-4800dhall",67,270,NULL
"208hall-8352-clwa-208hall",124,406,NULL
"100-5011-clwb-100",106,356,NULL
"4000-6114-clwa-4000",134,479,NULL
"220B-2012-clwb-220B",18,305,NULL
"121-5351-clwa-121",107,365,NULL
"609hall-3036-clwa-609hall",26,330,35
"621hall-3036-clwa-621hall",26,330,35
"305d-3113-clwa-305d",28,337,35
"e4171-3214b-clwa-e4171",129,447,10
"4406-3084-clwa-4406",27,436,35
"3111-3083-clwa-3111",27,435,35
"2011hall-8362-clwa-2011hall",53,491,NULL
"a131-113a1-clwa-a131",17,302,NULL
"2210-6052-clwa-2210",40,218,NULL
"2500-6052-clwb-2500",40,218,NULL
"354hall-8393-clwa-354hall",81,409,NULL
"terminal-2381-clwa-terminal",24,194,NULL
"g234-113g2-clwa-g234",17,301,NULL
"c200-113c2-clwb-c200",17,303,NULL
"1231-8451-clwa-1231",54,234,NULL
"3050-0083-clwa-3050",3,281,NULL
"4205Hall-5034-clwa-4205Hall",74,467,NULL
"Lobby-0081-clwb-Lobby",3,162,NULL
"lobby-8361-clwa-lobby",53,233,NULL
"b106hall-843b-clwa-b106hall",82,285,NULL
"248-2022-clwb-248",86,307,NULL
"1400-5191-clwa-1400",75,473,NULL
"L008hall-836b-clwa-L008hall",53,282,NULL
"178-6011-clwd-178",39,216,NULL
"3004-8363-clwb-3004",53,492,NULL
"100-3051-clwd-100",96,336,NULL
"1304-2151-clwb-1304",127,427,NULL
"118-6011-clwa-118",39,216,NULL
"171-2021-clwa-171",86,306,NULL
"closet-ip41-clwa-closet",146,507,NULL
"3500-0043-clwb-3500",67,269,NULL
"254-6012-clwa-254",39,372,NULL
"b002-839b-clwa-b002",81,284,NULL
"clubhouse-9191-clwa-clubhouse",62,248,NULL
"4700-0044-clwa-4700",67,270,NULL
"1341-6111-clwa-1341",134,476,NULL
"373-6003-clwa-373",109,369,NULL
"250-c042-clwe-250",139,500,NULL
"lounge-6053-clwa-lounge",40,219,NULL
"b339hall-503b-clwa-b339hall",74,271,NULL
"5542hall-2145-clwa-5542hall",71,426,NULL
"lecture-6051-clwl-lecture",40,217,NULL
"250-i312-clwd-250",144,505,NULL
"473hall-6104-clwa-473hall",77,377,NULL
"102-3151-clwa-102",98,339,NULL
"study-1022-clwa-study",5,177,NULL
"410-2214-clwa-410",21,316,NULL
"2221-hallway-2142-clwa-2221-hallway",71,423,NULL
"2042-7212-clwa-2042",47,484,NULL
"350-2213-clwa-350",21,315,NULL
"100-2031-clwa-100",87,309,NULL
"b109-113b1-clwd-b109",17,182,NULL
"240-8392-clwa-240",81,408,NULL
"570-1025-clwa-570",5,293,NULL
"4460-0084-clwa-4460",3,286,NULL
"soundroom-9012-clwa-soundroom",57,241,NULL
"c215-113c2-clwb-c215",17,303,NULL
"121hall-t001-clwa-121hall",150,513,NULL
"250-i312-clwc-250",144,505,NULL
"paciolan-7211-clwa-paciolan",47,227,NULL
"200-i412-clwa-200",144,505,NULL
"1200-5191-clwg-1200",75,473,NULL
"1015-0081-clwa-1015",3,162,NULL
"1170-2111-clwa-1170",6,412,NULL
"lecture-6052-clwa-lecture",40,218,NULL
"104-8331-clwa-104",123,404,NULL
"c106-113c1-clwa-c106",17,303,NULL
"1045-0081-clwa-1045",3,162,NULL
"1600-3141-clwb-1600",128,438,NULL
"364-3023-clwb-364",25,324,NULL
"637hall-3036-clwa-637hall",26,330,35
"208-3232-clwa-208",100,342,10
"1200-3081-clwg-1200",27,198,35
"2409-3082-clwa-2409",27,434,35
"1200-3081-clwa-1200",27,198,35
"5109-3085-clwa-5109",27,437,35
"trailer-m791-clwc-trailer",147,508,NULL
"1128-2221-clwa-1128",22,192,NULL
"5402-2145-clwa-5402",71,426,NULL
"4130-3084-clwa-4130",27,436,35
"611a-1116-clwa-611a",63,300,NULL
"310-2103-clwa-310",20,311,NULL
"2218hallway-5192-clwa-2218hallway",75,474,NULL
"-117hall-a011a-clwa-117hall",138,497,NULL
"308-2013-clwa-308",18,184,NULL
"104-7251-clwa-104",114,385,NULL
"2400-5192-clwb-2400",75,474,NULL
"3002-7213-clwa-3002",47,485,NULL
"240-4132-clwa-240",102,350,NULL
"3016-6113-clwa-3016",134,478,NULL
"112-8391-clwa-112",81,407,NULL
"f110-8311-clwd-f110",122,403,NULL
"252b-8022-clwa-252b",116,391,NULL
"201-1112-clwa-201",63,296,NULL
"3201-7213-clwa-3201",47,485,NULL
"2341-6112-clwa-2341",134,477,NULL
"166-5021-clwa-166",68,357,NULL
"451hall-6104-clwa-451hall",77,377,NULL
"290-2022-clwa-290",86,307,NULL
"1134hall-8501-clwa-1134hall",55,238,NULL
"-371-5203a-clwa-371",35,364,NULL
"3200hall-6053-clwg-3200hall",40,219,NULL
"1200-2221-clwc-1200",22,192,NULL
"2044-8432-clwa-2044",82,495,NULL
"G025-721b-clwa-G025",47,278,NULL
"2139Hall-5032-clwa-2139Hall",74,465,NULL
"pantry-m791-clwa-pantry",147,508,NULL
"169-6101-clwa-169",77,374,NULL
"3052-8363-clwa-3052",53,492,NULL
"122-2211-clwa-122",21,191,NULL
"ste400-6004-clwa-ste400",109,370,NULL
"1200-2221-clwg-1200",22,192,NULL
"lounge-8001-clwb-lounge",49,229,NULL
"visitors-8451-clwa-visitors",54,234,NULL
"175-2361-clwa-175",94,323,NULL
"-200-t112a-clwc-200",150,514,NULL
"3306-2153-clwa-3306",127,429,NULL
"2320-6112-clwa-2320",134,477,NULL
"1200-2221-clwf-1200",22,192,NULL
"150-8391-clwb-150",81,407,NULL
"208hall-1022-clwa-208hall",5,177,NULL
"hallway-5151-clwa-hallway",34,208,NULL
"hvac-s-0912-clwa-hvac-s",11,172,NULL
"lobby-1051-clwa-lobby",16,181,NULL
"1030-6531-clwb-1030",135,480,NULL
"Kuci-5211-clwa-Kuci",36,213,NULL
"121hall-1052-clwa-121hall",16,294,NULL
"220-4152-clwa-220",103,352,NULL
"cavern-5001-clwa-cavern",31,204,NULL
"-4403-5174b-clwa-4403",133,472,NULL
"3556-hallway-2143-clwa-3556-hallway",71,424,NULL
"a134c-113a1-clwa-a134c",17,302,NULL
"256-hall-2102-clwa-256-hall",20,310,NULL
"1800-6111-clwb-1800",134,476,NULL
"128-5021-clwb-128",68,357,NULL
"1100-4031-clwc-1100",131,458,NULL
"101-0041-clwa-101",67,256,NULL
"a220-113a2-clwe-a220",17,302,NULL
"130-a011-clwc-130",138,497,NULL
"105-8391-clwa-105",81,407,NULL
"mdf-092t-clwa-mdf",4,165,NULL
"100-4111-clwh-100",101,348,NULL
"152hall-3031-clwa-152hall",26,197,35
"816hall-3038-clwa-816hall",26,332,35
"408b-3034-clwa-408b",26,328,35
"3121-3083-clwa-3121",27,435,35
"5327-3085-clwa-5327",27,437,35
"3080hall-0083-clwa-3080hall",3,281,NULL
"4301-6114-clwa-4301",134,479,NULL
"35-cpt1-clwa-035",141,502,NULL
"elev-hallway-2017-clwa-elev-hallway",18,188,NULL
"-184-5201a-clwa-184",35,363,NULL
"4400-4024-clwb-4400",130,456,NULL
"b106-113b1-clwa-b106",17,182,NULL
"204-1112-clwa-204",63,296,NULL
"235-6102-clwa-235",77,375,NULL
"240c-8112-clwa-240c",118,393,NULL
"411hall-6104-clwa-411hall",77,377,NULL
"250-c042-clwd-250",139,500,NULL
"1300-4031-clwb-1300",131,458,NULL
"366-hall-2103-clwa-366-hall",20,311,NULL
"2116-6112-clwa-2116",134,477,NULL
"225-1022-clwa-225",5,177,NULL
"175hall-0051-clwa-175hall",1,160,NULL
"4620-0084-clwa-4620",3,286,NULL
"3200-6053-clwa-3200",40,219,NULL
"patio-2331-clwa-patio",23,193,NULL
"3500-6053-clwa-3500",40,219,NULL
"aud189-8351-clwc-aud189",124,405,NULL
"398-5023-clwa-398",68,359,NULL
"132-7231-clwa-132",78,279,NULL
"132-4231-clwa-132",104,353,NULL
"lobby-5121-clwa-lobby",33,207,NULL
"drumsouth-5204b-clwa-drumsouth",35,210,NULL
"560-1115-clwa-560",63,299,NULL
"-6337hall-5206b-clwa-6337hall",35,212,NULL
"100-6101-clwc-100",77,374,NULL
"1002hallway-5191-clwa-1002hallway",75,473,NULL
"2200-8452-clwb-2200",54,235,NULL
"4750-0044-clwa-4750",67,270,NULL
"2331-5192-clwa-2331",75,474,NULL
"256n-1112-clwa-256n",63,296,NULL
"1314hallway-5191-clwa-1314hallway",75,473,NULL
"hall-8453-clwa-hall",54,236,NULL
"1800-6111-clwa-1800",134,476,NULL
"hall-8453-clwc-hall",54,236,NULL
"143-2101-clwa-143",20,190,NULL
"b200-113b2-clwa-b200",17,182,NULL
"b530-519b-clwa-b530",75,272,NULL
"307-1113-clwa-307",63,297,NULL
"100-8391-clwa-100",81,407,NULL
"200-i312-clwc-200",144,505,NULL
"b143hall-837b-clwa-b143hall",80,283,NULL
"320-0023-clwc-320",64,252,NULL
"b330-519b-clwa-b330",75,272,NULL
"1201-7211-clwa-1201",47,227,NULL
"2300-5192-clwa-2300",75,474,NULL
"aud189-8351-clwa-aud189",124,405,NULL
"140-hall-0021-clwa-140-hall",64,250,NULL
"318-2213-clwa-318",21,315,NULL
"4850-0044-clwa-4850",67,270,NULL
"2511-2222-clwa-2511",22,430,NULL
"262-6012-clwb-262",39,372,NULL
"100-2121-clwd-100",88,312,NULL
"118Khall-8101-clwa-118Khall",117,392,NULL
"1100a-7281-clwa-1100a",48,228,NULL
"329hall-6003-clwa-329hall",109,369,NULL
"100b-6001-clwa-100b",109,367,NULL
"100-t201-clwd-100",151,515,NULL
"2300-5192-clwc-2300",75,474,NULL
"5339a-5035-clwa-5339a",74,468,NULL
"cafe-8501-clwa-cafe",55,238,NULL
"1131-0031-clwa-1131",65,263,NULL
"e3101-3213b-clwa-e3101",129,446,10
"305-3033-clwa-305",26,327,35
"s3220hall-3213a-clwa-s3220hall",129,446,10
"holden-1022-clwa-holden",5,177,NULL
"g102-113g1-clwa-g102",17,301,NULL
"150-c001-clwh-150",139,499,NULL
"4066-7214-clwa-4066",47,486,NULL
"304-8393-clwa-304",81,409,NULL
"g306g-113g3-clwa-g306g",17,301,NULL
"1700-6051-clwc-1700",40,217,NULL
"g118d-113g1-clwa-g118d",17,301,NULL
"459hall-6004-clwa-459hall",109,370,NULL
"barsouth-5205b-clwa-barSouth",35,211,NULL
"3205hall-2223-clwa-3205hall",22,431,NULL
"uadv-t002-clwa-uadv",150,514,NULL
"200-4502-clwa-200",105,355,NULL
"drumsouth-5202b-clwb-drumsouth",35,209,NULL
"3200-0033-clwa-3200",65,254,NULL
"4137Hall-5034-clwa-4137Hall",74,467,NULL
"1700-6051-clwd-1700",40,217,NULL
"b68-400b-clwb-b68",66,255,NULL
"lecture-6051-clwj-lecture",40,217,NULL
"359hall-6003-clwa-359hall",109,369,NULL
"beach-c042b-clwa-beach",139,500,NULL
"210-4152-clwa-210",103,352,NULL
"3341-6113-clwa-3341",134,478,NULL
"Study-1012-clwd-Study",14,175,NULL
"3200-8453-clwb-3200",54,236,NULL
"216-7262-clwa-216",115,388,NULL
"L002hall-836b-clwa-L002hall",53,282,NULL
"cbooks-113b1-clwa-cbooks",17,182,NULL
"3218-2133-clwa-3218",126,419,NULL
"341-6103-clwa-341",77,376,NULL
"courtyard-0082-clwb-courtyard",3,163,NULL
"c110-113c1-clwa-c110",17,303,NULL
"3000-0083-clwa-3000",3,281,NULL
"Lobby-0081-clwa-Lobby",3,162,NULL
"training-9031-clwa-training",10,243,NULL
"250-c042-clwc-250",139,500,NULL
"222-4152-clwa-222",103,352,NULL
"100-4111-clwb-100",101,348,NULL
"435-6104-clwa-435",77,377,NULL
"569hall-2015-clwa-569hall",18,186,NULL
"2236Hall-5032-clwa-2236Hall",74,465,NULL
"200-c042-clwc-200",139,500,NULL
"474-6004-clwa-474",109,370,NULL
"1416-5031-clwa-1416",74,464,NULL
"1368-2151-clwa-1368",127,427,NULL
"b17-111b-clwa-b17",63,249,NULL
"142-6011-clwa-142",39,216,NULL
"phoenix-2041-clwc-phoenix",19,189,NULL
"hall-8453-clwb-hall",54,236,NULL
"104-4001-clwd-104",66,343,NULL
"1290-2131-clwa-1290",126,417,NULL
"drumnorth-5204b-clwa-barSouth",35,210,NULL
"5500hall-0085-clwa-5500hall",3,164,NULL
"4002-8454-clwa-4002",54,237,NULL
"2307-2152-clwa-2307",127,428,NULL
"courthouse-6821-clwa-courthouse",42,222,NULL
"1331hall-8431-clwa-1331hall",82,494,NULL
"wellness-v341-clwa-wellness",154,521,NULL
"1050-6531-clwa-1050",135,480,NULL
"5402-0085-clwa-5402",3,164,NULL
"1021-7211-clwa-1021",47,227,NULL
"200-i412-clwg-200",144,505,NULL
"4110-3084-clwa-4110",27,436,35
"3406-3083-clwa-3406",27,435,35
"122-8001-clwa-122",49,229,NULL
"120a-3171-clwa-120a",99,340,10
"lounge-6052-clwb-lounge",40,218,NULL
"b540-519b-clwa-b540",75,272,NULL
"150-c001-clwk-150",139,499,NULL
"a126-113a1-clwa-a126",17,302,NULL
"cavern-5001-clwc-cavern",31,204,NULL
"204hall-6252-clwa-204hall",110,379,NULL
"106-8021-clwa-106",116,390,NULL
"100-3051-clwe-100",96,336,NULL
"4011-6114-clwa-4011",134,479,NULL
"350-twr3-clwb-350",153,520,NULL
"a134d-113a1-clwa-a134d",17,302,NULL
"3126hall-8503-clwa-3126hall",55,496,NULL
"100-6101-clwd-100",77,374,NULL
"200-6002-clwa-200",109,368,NULL
"279-5022-clwa-279",68,358,NULL
"101-2101-clwa-101",20,190,NULL
"107-0901-clwa-107",83,289,NULL
"3114hallway-5193-clwa-3114hallway",75,475,NULL
"1036-0081-clwa-1036",3,162,NULL
"a120-8171-clwa-a120",120,396,NULL
"1200-5191-clwf-1200",75,473,NULL
"g221-113g2-clwa-g221",17,301,NULL
"1035hall-0081-clwa-1035hall",3,162,NULL
"140-2021-clwa-140",86,306,NULL
"a229-113a2-clwd-a229",17,302,NULL
"553-6005-clwa-553",109,371,NULL
"lecture-6051-clwi-lecture",40,217,NULL
"study-1012-clwa-study",14,175,NULL
"303-6013-clwa-303",39,373,NULL
"228-2022-clwa-228",86,307,NULL
"2142-2112-clwa-2142",6,413,NULL
"100-t201-clwb-100",151,515,NULL
"3107-8363-clwa-3107",53,492,NULL
"330-0023-clwb-330",64,252,NULL
"room3-0231-clwa-room3",7,168,NULL
"study-1022-clwb-study",5,177,NULL
"1010a-1051-clwa-1010a",16,181,NULL
"416-2214-clwa-416",21,316,NULL
"g240-214b-clwa-g240",71,262,NULL
"f114-8311-clwa-f114",122,403,NULL
"2639hallway-5192-clwa-2639hallway",75,474,NULL
"212hall-0582-clwa-212hall",76,274,NULL
"216hall-6102-clwa-216hall",77,375,NULL
"1110-6051-clwb-1110",40,217,NULL
"1219-8451-clwa-1219",54,234,NULL
"207hall-6102-clwa-207hall",77,375,NULL
"a122b-8131-clwa-a122b",119,395,NULL
"5414-5035-clwa-5414",74,468,NULL
"sorting-1023-clwb-sorting",5,178,NULL
"122-4151-clwa-122",103,351,NULL
"lounge-6052-clwa-lounge",40,218,NULL
"1311-4171-clwa-1311",73,461,NULL
"762-2017-clwa-762",18,188,NULL
"c138-113c1-clwa-c138",17,303,NULL
"2040-6532-clwa-2040",135,481,NULL
"335-6103-clwa-335",77,376,NULL
"b370hall-503b-clwa-b370hall",74,271,NULL
"b321hall-503b-clwa-b321hall",74,271,NULL
"barnorth-5204b-clwa-barNorth",35,210,NULL
"-2124-5172a-clwa-2124",133,470,NULL
"breezeway-3031-clwa-breezeway",26,197,35
"114-3111-clwa-114",28,199,35
"3200-3083-clwa-3200",27,435,35
"5440-3085-clwa-5440",27,437,35
"1200-3081-clwe-1200",27,198,35
"1130-3081-clwa-1130",27,198,35
"electshop-0971-clwa-electshop",13,174,NULL
"drumsouth-5205b-clwa-drumsouth",35,211,NULL
"169-0411-clwc-169",72,266,NULL
"elev-hallway-2013-clwa-elev-hallway",18,184,NULL
"100-5011-clwa-100",106,356,NULL
"1035-0081-clwa-1035",3,162,NULL
"a134a-113a1-clwb-a134a",17,302,NULL
"2200-8452-clwa-2200",54,235,NULL
"paciolan-9071-clwa-paciolan",59,244,NULL
"4404Hall-5034-clwa-4404Hall",74,467,NULL
"2101-8452-clwa-2101",54,235,NULL
"4206-2134-clwa-4206",126,420,NULL
"130-a011-clwa-130",138,497,NULL
"218-7262-clwa-218",115,388,NULL
"5200-0085-clwa-5200",3,164,NULL
"3215-4173-clwa-3215",73,463,NULL
"124-4151-clwa-124",103,351,NULL
"hallway-6052-clwe-hallway",40,218,NULL
"550hall-1025-clwa-550hall",5,293,NULL
"b132-401b-clwa-b132",30,265,NULL
"122-2021-clwa-122",86,306,NULL
"3034hall-0083-clwa-3034hall",3,281,NULL
"220-twr2-clwa-220",153,519,NULL
"100-2121-clwc-100",88,312,NULL
"hallway-6052-clwb-hallway",40,218,NULL
"b417hall-845b-clwa-b417hall",54,287,NULL
"lecture-6052-clwd-lecture",40,218,NULL
"G203-721b-clwa-G203",47,278,NULL
"hallway-6051-clwd-hallway",40,217,NULL
"f110-8311-clwc-f110",122,403,NULL
"3310-2223-clwa-3310",22,431,NULL
"2510-6052-clwa-2510",40,218,NULL
"114-2341-clwa-114",93,322,NULL
"107-2011-clwa-107",18,183,NULL
"233-6252-clwa-233",110,379,NULL
"1100-2111-clwb-1100",6,412,NULL
"study-1012-clwc-study",14,175,NULL
"study-1022-clwc-study",5,177,NULL
"-120-3131a-clwa-120",97,338,NULL
"1600-6051-clwd-1600",40,217,NULL
"143-6011-clwa-143",39,216,NULL
"-2403-5172b-clwa-2403",133,470,NULL
"-212-5202b-clwa-212",35,209,NULL
"4216hall-2224-clwa-4216hall",22,432,NULL
"4120-6114-clwa-4120",134,479,NULL
"G028-721b-clwa-G028",47,278,NULL
"2104-8362-clwa-2104",53,491,NULL
"3650-0043-clwa-3650",67,269,NULL
"3750-0043-clwa-3750",67,269,NULL
"270-2022-clwb-270",86,307,NULL
"2500-6052-clwa-2500",40,218,NULL
"c215-113c2-clwa-c215",17,303,NULL
"250-c042-clwb-250",139,500,NULL
"122-4151-clwb-122",103,351,NULL
"285-8352-clwa-285",124,406,NULL
"b005Ahall-820b-clwa-b005Ahall",79,280,NULL
"110-5351-clwa-110",107,365,NULL
"200-c042-clwe-200",139,500,NULL
"204-8392-clwa-204",81,408,NULL
"1033hall-8191-clwa-1033hall",137,489,NULL
"a229-113a2-clwc-a229",17,302,NULL
"132-8351-clwa-132",124,405,NULL
"100-5011-clwj-100",106,356,NULL
"3400hall-6053-clwa-3400hall",40,219,NULL
"202-3032-clwa-202",26,326,35
"444hall-3034-clwa-444hall",26,328,35
"4200-3084-clwb-4200",27,436,35
"5400-3085-clwa-5400",27,437,35
"5051-3145-clwa-5051",128,442,35
"204-3032-clwa-204",26,326,35
"203-3032-clwa-203",26,326,35
"1900-4041-clwa-1900",132,459,NULL
"172-2361-clwa-172",94,323,NULL
"4-ich1-clwa-04",145,506,NULL
"236-5022-clwa-236",68,358,NULL
"3700-6053-clwa-3700",40,219,NULL
"3311-hallway-2143-clwa-3311-hallway",71,424,NULL
"4024hall-6534-clwa-4024hall",135,483,NULL
"drumSouth-5202b-clwa-drumSouth",35,209,NULL
"3100-1013-clwa-3100",14,411,NULL
"-4403-5174b-clwb-4403",133,472,NULL
"4054-8454-clwa-4054",54,237,NULL
"2200-2142-clwa-2200",71,423,NULL
"116-2211-clwa-116",21,191,NULL
"paciolan1-9031-clwa-paciolan1",10,243,NULL
"3000a-8503-clwa-3000a",55,496,NULL
"4827hall-0084-clwa-4827hall",3,286,NULL
"2112-8362-clwa-2112",53,491,NULL
"102hallway-0041-clwa-102hallway",67,256,NULL
"3300-5193-clwa-3300",75,475,NULL
"100-6101-clwa-100",77,374,NULL
"lecture-6051-clwh-lecture",40,217,NULL
"4400-8454-clwa-4400",54,237,NULL
"104-4001-clwb-104",66,343,NULL
"3366-2153-clwa-3366",127,429,NULL
"324-0583-clwa-324",76,275,NULL
"a134b-113a1-clwb-a134b",17,302,NULL
"1200-4031-clwa-1200",131,458,NULL
"4460hall-0084-clwa-4460hall",3,286,NULL
"3125-0592-clwa-3125",108,366,NULL
"200-c042-clwb-200",139,500,NULL
"c200-113c2-clwc-c200",17,303,NULL
"5130-2115-clwa-5130",6,416,NULL
"cardiohall-6802-clwa-cardiohall",41,221,NULL
"2100-6052-clwb-2100",40,218,NULL
"334-6003-clwa-334",109,369,NULL
"a105-113a1-clwa-a105",17,302,NULL
"250-c042-clwf-250",139,500,NULL
"4072hall-6534-clwa-4072hall",135,483,NULL
"121-5121-clwa-121",33,207,NULL
"a132-113a1-clwb-a132",17,302,NULL
"260-1112-clwa-260",63,296,NULL
"b410hall-845b-clwa-b410hall",54,287,NULL
"3100hall-0083-clwa-3100hall",3,281,NULL
"200-i412-clwf-200",144,505,NULL
"2104-6112-clwa-2104",134,477,NULL
"1113hall-8431-clwa-1113hall",82,494,NULL
"-9-0901t-clwa-009",83,289,NULL
"2206-2132-clwa-2206",126,418,NULL
"235hall-4152-clwa-235hall",103,352,NULL
"-3302-5173b-clwa-3302",133,471,NULL
"g205-113g2-clwd-g205",17,301,NULL
"2334-hallway-2142-clwa-2334-hallway",71,423,NULL
"124-4151-clwb-124",103,351,NULL
"lounge-8001-clwa-lounge",49,229,NULL
"a112hall-8131-clwa-a112hall",119,395,NULL
"1200-2221-clwd-1200",22,192,NULL
"3060hall-0083-clwa-3060hall",3,281,NULL
"3111-3083-clwb-3111",27,435,35
"3115-3083-clwa-3115",27,435,35
"1120-3081-clwa-1120",27,198,35
"2141-3082-clwa-2141",27,434,35
"1100-3141-clwa-1100",128,438,54
"1600-3141-clwa-1600",128,438,42
"1427-3141-clwa-1427",128,438,35
"4099-3144-clwa-4099",128,441,35
"364-3023-clwa-364",25,324,38
"189-3021-clwa-189",25,195,79
"192-3021-clwa-192",25,195,45
"408-3024-clwa-408",25,325,35
"atrium-3251-clwa-atrium",29,200,4
"auditorium-3251-clwa-auditorium",29,200,4
"Rockwell Engineering Center",NULL,NULL,80
"3418-3083-clwa-3418",27,435,35
"104-4001-clwa-104",66,343,52
"hwy-2313-4022-clwa-hwy-2313",130,454,35
"1422-4021-clwa-1422",130,453,35
"4400-4024-clwa-4400",130,456,35
"3361-4023-clwa-3361",130,455,35
"G005-721b-clwb-G005",47,278,NULL
"300-8393-clwa-300",81,409,NULL
"200-i412-clwe-200",144,505,NULL
"a229-113a2-clwf-a229",17,302,NULL
"commons-e331-clwb-commons",142,503,NULL
"105-2021-clwa-105",86,306,NULL
"3200-6113-clwa-3200",134,478,NULL
"3000-6053-clwa-3000",40,219,NULL
"1108-8361-clwa-1108",53,233,NULL
"2001-0032-clwa-2001",65,264,NULL
"1200-2221-clwe-1200",22,192,NULL
"100-6101-clwg-100",77,374,NULL
"4042-7214-clwa-4042",47,486,NULL
"1117-1051-clwa-1117",16,181,NULL
"complab-903b-clwb-complab",10,171,NULL
"3006-7213-clwa-3006",47,485,NULL
"3400-5193-clwb-3400",75,475,NULL
"Physical Sciences Classroom Building",NULL,NULL,NULL
"Qureshey Research Laboratory",NULL,NULL,NULL
"Student Center Parking Structure",NULL,NULL,NULL
"Student Services I II",NULL,NULL,NULL
"Summer Session A",NULL,NULL,NULL
"Summer Session B",NULL,NULL,NULL
"pippin",NULL,NULL,NULL
"2219-3142-clwa-2219",128,439,43
"2039-3142-clwa-2039",128,439,35
"1422-3141-clwa-1422",128,438,35
"4039-3144-clwa-4039",128,441,35
"6217-3146-clwa-6217",128,443,35
"1",128,NULL,287
"3",128,NULL,62
"2",95,NULL,315
"1",95,NULL,54
"4",25,NULL,37
"432-3024-clwa-432",25,325,35
"213-3022-clwa-213",25,196,35
"253-3022-clwa-253",25,196,35
"171-3021-clwa-171",25,195,128
"183-3021-clwa-183",25,195,120
"193-3021-clwa-193",25,195,43
"180-3021-clwa-180",25,195,35
"1",29,NULL,24
"3",29,NULL,16
"1",30,NULL,308
"1",66,NULL,331
"3",66,NULL,294
"4",66,NULL,109
"5",66,NULL,91
"4",30,NULL,35
"Frederick Reines Hall",NULL,NULL,409
"237-4002-clwa-237",66,344,35
"hallway-4024-4014-clwa-hallway-4024",30,451,35
"hwy-2214-4022-clwa-hwy-2214",130,454,35
"4171-4014-clwa-4171",30,451,35
"3122-4013-clwa-3122",30,450,35
"144hall-8391-clwa-144hall",81,407,NULL
"100-6011-clwa-100",39,216,NULL
"3321hall-4173-clwa-3321hall",73,463,NULL
"1047-8361-clwa-1047",53,233,NULL
"100-2121-clwg-100",88,312,NULL
"1121-0031-clwb-1121",65,263,NULL
"-100-0071a-clwa-100",2,161,NULL
"-585-5205a-clwa-585",35,211,NULL
"westwing-3253-clwa-westwing",29,201,4
"eastwing-3254-clwa-eastwing",29,202,4
"westwing-3254-clwa-westwing",29,202,4
"eastwing-3253-clwa-eastwing",29,201,4
"lobby-4011-clwa-lobby",30,203,403
"100-6101-clwh-100",77,374,NULL
"4001-8454-clwa-4001",54,237,NULL
"3260-2143-clwb-3260",71,424,NULL
"p202hall-8172-clwa-p202hall",120,397,NULL
"202-5121-clwa-202",33,207,NULL
"3010-0083-clwa-3010",3,281,NULL
"117-2021-clwa-117",86,306,NULL
"300-1023-clwa-300",5,178,NULL
"1010-6111-clwa-1010",134,476,NULL
"3010hall-0083-clwa-3010hall",3,281,NULL
"3209Hall-5033-clwa-3209Hall",74,466,NULL
"4230-0084-clwa-4230",3,286,NULL
"210-6012-clwa-210",39,372,NULL
"113-1031-clwa-113",15,180,NULL
"5204-hallway-2145-clwa-5204-hallway",71,426,NULL
"512-1115-clwa-512",63,299,NULL
"145-2021-clwa-145",86,306,NULL
"160-7221-clwa-160",113,384,NULL
"373-0033-clwa-373",65,254,NULL
"b203-113b2-clwc-b203",17,182,NULL
"130a-0021-clwa-130a",64,250,NULL
"room3-5331-clwa-room3",69,259,NULL
"elev-hallway-2015-clwa-elev-hallway",18,186,NULL
"-3304-5173b-clwa-3304",133,471,NULL
"lobby-8451-clwa-lobby",54,234,NULL
"269-8352-clwa-269",124,406,NULL
"signshop-0971-clwa-signshop",13,174,NULL
"-2403-5172b-clwb-2403",133,470,NULL
"3101-8453-clwa-3101",54,236,NULL
"211-a012-clwa-211",138,498,NULL
"410-0024-clwa-410",64,253,NULL
"5800-0085-clwb-5800",3,164,NULL
"-200-0072a-clwa-200",2,261,NULL
"-c114hall-113c1-clwa-c114hall",17,303,NULL
"cohen-theater-7131-clwa-cohen-theater",46,226,NULL
"108-2301-clwa-108",90,317,NULL
"g118d-113g1-clwd-g118d",17,301,NULL
"5620-0085-clwa-5620",3,164,NULL
"comm-t002-clwa-comm",150,514,NULL
"-200-t112a-clwb-200",150,514,NULL
"b502-839b-clwa-b502",81,284,NULL
"basement-102b-clwc-basement",5,166,NULL
"350-twr3-clwa-350",153,520,NULL
"4186-2114-clwa-4186",6,415,NULL
"-3403-5173b-clwa-3403",133,471,NULL
"2038-7212-clwa-2038",47,484,NULL
"206f-hall-2102-clwa-206f-hall",20,310,NULL
"drumwest-5204b-clwa-drumwest",35,210,NULL
"3070-8363-clwb-3070",53,492,NULL
"3070-8363-clwa-3070",53,492,NULL
"commons-e331-clwa-commons",142,503,NULL
"lecture-6051-clwd-lecture",40,217,NULL
"140-8391-clwa-140",81,407,NULL
"2556-hallway-2142-clwa-2556-hallway",71,423,NULL
"5343-hallway-2145-clwa-5343-hallway",71,426,NULL
"study-1012-clwe-study",14,175,NULL
"201-9012-clwa-201",57,241,NULL
"suite-f-twr1-clwb-suite-f",153,518,NULL
"aud189-8351-clwe-aud189",124,405,NULL
"282-5022-clwa-282",68,358,NULL
"e118hall-8271-clwa-e118hall",52,232,NULL
"2009-0032-clwb-2009",65,264,NULL
"101-4001-clwb-101",66,343,NULL
"5610-0085-clwa-5610",3,164,NULL
"104hall-6251-clwa-104hall",110,378,NULL
"129hall-6001-clwa-129hall",109,367,NULL
"3416-5033-clwa-3416",74,466,NULL
"2200-8452-clwc-2200",54,235,NULL
"1070-6111-clwa-1070",134,476,NULL
"-6305hall-5206a-clwa-6305hall",35,212,NULL
"2038hall-0032-clwa-2038hall",65,264,NULL
"2000-1052-clwa-2000",16,294,NULL
"202-0042-clwa-202",67,257,NULL
"106-5121-clwa-106",33,207,NULL
"128-6251-clwa-128",110,378,NULL
"3025hallway-5193-clwa-3025hallway",75,475,NULL
"p206hall-8172-clwa-p206hall",120,397,NULL
"230-4132-clwa-230",102,350,NULL
"150-c001-clwc-150",139,499,NULL
"MDF-211b-clwa-MDF",6,167,NULL
"3622hallway-5193-clwa-3622hallway",75,475,NULL
"2000-8452-clwa-2000",54,235,NULL
"2202-7272-clwa-2202",136,487,NULL
"134-5021-clwb-134",68,357,NULL
"elevator-0085-clwa-elevator",3,164,NULL
"120-4131-clwa-120",102,349,NULL
"stewart-9012-clwa-stewart",57,241,NULL
"178-6011-clwb-178",39,216,NULL
"Engineering Laboratory Facility",NULL,NULL,NULL
"Innovation Univ Research Park",NULL,NULL,NULL
"Facilities Management Shops",NULL,NULL,NULL
"Multipurpose Academic & Administrative Bldg.",NULL,NULL,NULL
"Faculty Research Facility",NULL,NULL,NULL
"Starbucks Kiosk",NULL,NULL,NULL
"Social Science Tower",NULL,NULL,NULL
"Merage School of Business",NULL,NULL,NULL
"Anteater Ballpark/Newkirk Pavilion",NULL,NULL,NULL
"Verano Place Housing Office",NULL,NULL,NULL
"Physical Sciences High Bay",NULL,NULL,NULL
"Infant/Toddler Center 1",NULL,NULL,NULL
"Humanities Instructional Building",NULL,NULL,NULL
"Field Building",NULL,NULL,NULL
"Sue & Bill Gross Hall: A CIRM Institute",NULL,NULL,NULL
"Theory Univ Research Park",NULL,NULL,NULL
"Drama Building",NULL,NULL,NULL
"Facilities Management Building",NULL,NULL,NULL
"Middle Earth Pippin Commons",NULL,NULL,NULL
"Mesa Office Building",NULL,NULL,NULL
"Medical Sciences A Annex",NULL,NULL,NULL
"Merage School of Business II",NULL,NULL,NULL
"Interim Classroom Facility",NULL,NULL,NULL
"Berk Hall/Nursing Science",NULL,NULL,NULL
"Student Health Center",NULL,NULL,NULL
"Crawford Clubhouse",NULL,NULL,NULL
"Croul Hall",NULL,NULL,NULL
"Medical Surge II",NULL,NULL,NULL
"Verano Place Preschool",NULL,NULL,NULL
"Phoenix Food Court",NULL,NULL,NULL
"Art Culture & Technology",NULL,NULL,NULL
"Howard Schneiderman Lecture Hall",NULL,NULL,NULL
"Social Ecology I",NULL,NULL,NULL
"Langson Library",NULL,NULL,NULL
"Claire Trevor Theatre",NULL,NULL,NULL
"Parkview Classroom Building",NULL,NULL,NULL
"Gavin Herbert Eye Institute",NULL,NULL,NULL
"Social Science Plaza B",NULL,NULL,NULL
"Early Childhood Education Center",NULL,NULL,NULL
"Medical Sciences B",NULL,NULL,NULL
"Social Science Lecture Hall",NULL,NULL,NULL
"Social Science Hall",NULL,NULL,NULL
"Physical Sciences Lecture Hall",NULL,NULL,NULL
"near Merage School of Business II",NULL,NULL,NULL
"Beckman Laser Institute",NULL,NULL,NULL
"Student Health Center II",NULL,NULL,NULL
"KUCI Radio Station",NULL,NULL,NULL
"Anteater Learning Pavilion",NULL,NULL,NULL
"McGaugh Hall",NULL,NULL,NULL
"Continuing Education",NULL,NULL,NULL
"Building Services Bldg.",NULL,NULL,NULL
"Social & Behavioral Sciences Gateway",NULL,NULL,NULL
"Law Building",NULL,NULL,NULL
"Track & Field House",NULL,NULL,NULL
"Verano Place Extended Day Care",NULL,NULL,NULL
"1",90,NULL,NULL
"Continuing Education 3",NULL,NULL,NULL
"Continuing Education 6",NULL,NULL,NULL
"Continuing Education 4",NULL,NULL,NULL
"Continuing Education 5",NULL,NULL,NULL
"Aldrich Hall",NULL,NULL,NULL
"Gottschalk Medical Plaza",NULL,NULL,NULL
"Court Building",NULL,NULL,NULL
"Arboretum",NULL,NULL,NULL
"Crawford Hall",NULL,NULL,NULL
"Social Ecology II",NULL,NULL,NULL
"Theory Dr Univ Research Park",NULL,NULL,NULL
"Arts Instruction & Technology Resource Center",NULL,NULL,NULL
"Social Science Trailer",NULL,NULL,NULL
"Centerpointe",NULL,NULL,NULL
"ICHA Poolhouse #4",NULL,NULL,NULL
"Child Development Center",NULL,NULL,NULL
"Irvine Hall",NULL,NULL,NULL
"Verano Place Cyber Caf (3400)",NULL,NULL,NULL
"Winifred Smith Hall",NULL,NULL,NULL
"Arroyo Vista Housing Office",NULL,NULL,NULL
"Bren Events Center",NULL,NULL,NULL
"Env. Health & Safety Services Facility",NULL,NULL,NULL
"University Tower",NULL,NULL,NULL
"Palo Verde 2 Housing Office",NULL,NULL,NULL
"Music & Media Building",NULL,NULL,NULL
"Banning House",NULL,NULL,NULL
"Administrative Modular",NULL,NULL,NULL
"Humanities Hall",NULL,NULL,NULL
"Studio Four",NULL,NULL,NULL
"Cafe Med",NULL,NULL,NULL
"Sprague Hall",NULL,NULL,NULL
"Medical Sciences D Cheney Hall",NULL,NULL,NULL
"Receiving",NULL,NULL,NULL
"Krieger Hall",NULL,NULL,NULL
"Cross-Cultural Center",NULL,NULL,NULL
"Academy Univ. Research Park",NULL,NULL,NULL
"Uni Hills Community Ctr",NULL,NULL,NULL
"Infant/Toddler Center 2",NULL,NULL,NULL
"Social Science Laboratory",NULL,NULL,NULL
"Intercollegiate Athletics Building",NULL,NULL,NULL
"Grounds Maintenance Facility",NULL,NULL,NULL
"Electrical Substation",NULL,NULL,NULL
"Newkirk Alumni Center",NULL,NULL,NULL
"Production Studio",NULL,NULL,NULL
"B.C.s Cavern Food Court",NULL,NULL,NULL
"Education Building",NULL,NULL,NULL
"Gillespie Neuroscience Research Facility",NULL,NULL,NULL
"Robert Cohen Theatre & Dance Studios",NULL,NULL,NULL
"Central Plant",NULL,NULL,NULL
"Childrens Center",NULL,NULL,NULL
"Verano Place 68000",NULL,NULL,NULL
"Hewitt Research Hall",NULL,NULL,NULL
"Steinhaus Hall",NULL,NULL,NULL
"Art Studio",NULL,NULL,NULL
"1",52,NULL,NULL
"1",37,NULL,NULL
"2",111,NULL,NULL
"1",146,NULL,NULL
"1",61,NULL,NULL
"2",153,NULL,NULL
"b",68,NULL,NULL
"2",116,NULL,NULL
"1",135,NULL,NULL
"2",61,NULL,NULL
"3",77,NULL,NULL
"2",150,NULL,NULL
"3",68,NULL,NULL
"b",80,NULL,NULL
"4",35,NULL,NULL
"1",46,NULL,NULL
"1",126,NULL,NULL
"1",91,NULL,NULL
"1",131,NULL,NULL
"4",77,NULL,NULL
"1",97,NULL,NULL
"b",81,NULL,NULL
"1",45,NULL,NULL
"1",85,NULL,NULL
"2",54,NULL,NULL
"3",76,NULL,NULL
"1",24,NULL,NULL
"5",148,NULL,NULL
"1",63,NULL,NULL
"6",18,NULL,NULL
"1",81,NULL,NULL
"2",22,NULL,NULL
"2",5,NULL,NULL
"1",79,NULL,NULL
"1",113,NULL,NULL
"3",67,NULL,NULL
"3",115,NULL,NULL
"2",103,NULL,NULL
"1",76,NULL,NULL
"6",35,NULL,NULL
"2",135,NULL,NULL
"1",141,NULL,NULL
"2",82,NULL,NULL
"2",121,NULL,NULL
"1",78,NULL,NULL
"2",148,NULL,NULL
"2",32,NULL,NULL
"2",14,NULL,NULL
"2",68,NULL,NULL
"2",11,NULL,NULL
"2",89,NULL,NULL
"5",63,NULL,NULL
"1",105,NULL,NULL
"3",35,NULL,NULL
"4",67,NULL,NULL
"4",26,NULL,105
"Engineering & Computing Trailer",NULL,NULL,NULL
"2",26,NULL,140
"Engineering Lecture Hall",NULL,NULL,NULL
"4",63,NULL,NULL
"3",73,NULL,NULL
"b",73,NULL,NULL
"1",31,NULL,NULL
"4",135,NULL,NULL
"1",122,NULL,NULL
"1",47,NULL,NULL
"3",53,NULL,NULL
"1",92,NULL,NULL
"b",63,NULL,NULL
"1",10,NULL,NULL
"7",18,NULL,NULL
"2",50,NULL,NULL
"1",102,NULL,NULL
"5",68,NULL,NULL
"4",21,NULL,NULL
"3",54,NULL,NULL
"3",47,NULL,NULL
"1",133,NULL,NULL
"1",4,NULL,NULL
"1",39,NULL,NULL
"b",53,NULL,NULL
"2",114,NULL,NULL
"3",21,NULL,NULL
"2",126,NULL,NULL
"b",77,NULL,NULL
"1",157,NULL,NULL
"1",69,NULL,NULL
"2",58,NULL,NULL
"1",142,NULL,NULL
"2",127,NULL,NULL
"3",153,NULL,NULL
"3",127,NULL,NULL
"3",109,NULL,NULL
"4",47,NULL,NULL
"1",159,NULL,NULL
"1",93,NULL,NULL
"2",138,NULL,NULL
"2",105,NULL,NULL
"1",156,NULL,NULL
"5",5,NULL,NULL
"1",138,NULL,NULL
"2",16,NULL,NULL
"3",74,NULL,NULL
"1",68,NULL,NULL
"2",79,NULL,NULL
"1",70,NULL,NULL
"4",18,NULL,NULL
"1",94,NULL,NULL
"5",35,NULL,NULL
"b",54,NULL,NULL
"b",75,NULL,NULL
"3",32,NULL,NULL
"4",71,NULL,NULL
"3",81,NULL,NULL
"1",110,NULL,NULL
"3",40,NULL,NULL
"1",80,NULL,NULL
"2",77,NULL,NULL
"2",81,NULL,NULL
"1",140,NULL,NULL
"3",55,NULL,NULL
"1",86,NULL,NULL
"1",107,NULL,NULL
"1",40,NULL,NULL
"2",91,NULL,NULL
"1",55,NULL,NULL
"b",5,NULL,NULL
"2",2,NULL,NULL
"2",136,NULL,NULL
"4",22,NULL,NULL
"1",60,NULL,NULL
"b",79,NULL,NULL
"b",17,NULL,NULL
"1",117,NULL,NULL
"1",124,NULL,NULL
"2",115,NULL,NULL
"b",6,NULL,NULL
"2",76,NULL,NULL
"4",68,NULL,NULL
"4",51,NULL,NULL
"1",72,NULL,NULL
"1",18,NULL,NULL
"1",38,NULL,NULL
"1",19,NULL,NULL
"3",22,NULL,NULL
"1",13,NULL,NULL
"1",15,NULL,NULL
"1",112,NULL,NULL
"2",67,NULL,NULL
"1",106,NULL,NULL
"1",16,NULL,NULL
"5",109,NULL,NULL
"3",51,NULL,NULL
"2",132,NULL,NULL
"3",133,NULL,NULL
"1",132,NULL,NULL
"1",21,NULL,NULL
"-",9,NULL,NULL
"5",71,NULL,NULL
"4",133,NULL,NULL
"1",51,NULL,NULL
"1",114,NULL,NULL
"2",86,NULL,NULL
"2",109,NULL,NULL
"1",20,NULL,NULL
"1",71,NULL,NULL
"1",154,NULL,NULL
"1",109,NULL,NULL
"2",134,NULL,NULL
"2",53,NULL,NULL
"2",120,NULL,NULL
"1",151,NULL,NULL
"2",57,NULL,NULL
"2",108,NULL,NULL
"3",6,NULL,NULL
"3",134,NULL,NULL
"3",20,NULL,NULL
"1",7,NULL,NULL
"2",118,NULL,NULL
"b",71,NULL,NULL
"1",150,NULL,NULL
"1",44,NULL,NULL
"3",14,NULL,NULL
"1",26,NULL,175
"1",100,NULL,NULL
"1",28,NULL,70
"2",100,NULL,NULL
"1",88,NULL,NULL
"1",1,NULL,NULL
"2",139,NULL,NULL
"3",75,NULL,NULL
"4",74,NULL,NULL
"4",109,NULL,NULL
"1",148,NULL,NULL
"1",139,NULL,NULL
"t",4,NULL,NULL
"b",55,NULL,NULL
"2",18,NULL,NULL
"1",34,NULL,NULL
"1",41,NULL,NULL
"2",74,NULL,NULL
"4",6,NULL,NULL
"1",96,NULL,NULL
"1",137,NULL,NULL
"1",49,NULL,NULL
"1",65,NULL,NULL
"4",64,NULL,NULL
"c",17,NULL,NULL
"4",5,NULL,NULL
"1",42,NULL,NULL
"1",111,NULL,NULL
"1",155,NULL,NULL
"2",64,NULL,NULL
"3",5,NULL,NULL
"4",86,NULL,NULL
"2",71,NULL,NULL
"b",47,NULL,NULL
"1",125,NULL,NULL
"1",127,NULL,NULL
"2",65,NULL,NULL
"3",135,NULL,NULL
"1",5,NULL,NULL
"g",17,NULL,NULL
"2",144,NULL,NULL
"1",158,NULL,NULL
"1",77,NULL,NULL
"b",40,NULL,NULL
"3",18,NULL,NULL
"3",126,NULL,NULL
"1",22,NULL,NULL
"1",62,NULL,NULL
"5",74,NULL,NULL
"1",103,NULL,NULL
"1",3,NULL,NULL
"1",82,NULL,NULL
"1",119,NULL,NULL
"2",124,NULL,NULL
"3",3,NULL,NULL
"1",143,NULL,NULL
"1",8,NULL,NULL
"1",84,NULL,NULL
"2",41,NULL,NULL
"1",36,NULL,NULL
"2",112,NULL,NULL
"1",67,NULL,NULL
"1",115,NULL,NULL
"1",12,NULL,NULL
"2",20,NULL,NULL
"5",3,NULL,NULL
"1",43,NULL,NULL
"3",65,NULL,NULL
"1",59,NULL,NULL
"3",64,NULL,NULL
"1",6,NULL,NULL
"2",102,NULL,NULL
"1",134,NULL,NULL
"1",23,NULL,NULL
"b",10,NULL,NULL
"2",47,NULL,NULL
"2",133,NULL,NULL
"2",90,NULL,NULL
"1",33,NULL,NULL
"1",73,NULL,NULL
"2",73,NULL,NULL
"1",64,NULL,NULL
"1",35,NULL,NULL
"2",63,NULL,NULL
"2",21,NULL,NULL
"2",40,NULL,NULL
"1",149,NULL,NULL
"1",50,NULL,NULL
"1",120,NULL,NULL
"2",51,NULL,NULL
"4",134,NULL,NULL
"2",75,NULL,NULL
"5",6,NULL,NULL
"3",136,NULL,NULL
"2",110,NULL,NULL
"1",53,NULL,NULL
"1",98,NULL,NULL
"5",18,NULL,NULL
"1",101,NULL,NULL
"1",56,NULL,NULL
"1",2,NULL,NULL
"6",63,NULL,NULL
"1",87,NULL,NULL
"1",54,NULL,NULL
"2",39,NULL,NULL
"2",3,NULL,NULL
"1",83,NULL,NULL
"1",152,NULL,NULL
"1",123,NULL,NULL
"5",22,NULL,NULL
"3",39,NULL,NULL
"a",17,NULL,NULL
"2",72,NULL,NULL
"4",126,NULL,NULL
"1",104,NULL,NULL
"4",3,NULL,NULL
"2",35,NULL,NULL
"1",116,NULL,NULL
"5",126,NULL,NULL
"b",82,NULL,NULL
"1",153,NULL,NULL
"1",99,NULL,NULL
"3",27,NULL,420
"4",27,NULL,420
"100-t201-clwg-100",151,515,NULL
"w3330hall-3213a-clwa-w3330hall",129,446,10
"-111-3211b-clwa-e1114",129,444,10
"Engineering Hall",NULL,NULL,600
"Engineering Tower",NULL,NULL,700
"3130-3083-clwa-3130",27,435,35
"201-3032-clwa-201",26,326,35
"Anteater Instruction & Research Building",NULL,NULL,NULL
"Arts Annex",NULL,NULL,NULL
"Ayala Science Library",NULL,NULL,NULL
"Biological Sciences III",NULL,NULL,NULL
"Bison Modular",NULL,NULL,NULL
"Bonney Research Laboratory",NULL,NULL,NULL
"Disability Services Center",NULL,NULL,NULL
"Engineering Gateway",NULL,NULL,NULL
"Gateway Study Center",NULL,NULL,NULL
"Humanities Gateway",NULL,NULL,NULL
"Multipurpose Science & Technology Bldg.",NULL,NULL,NULL
"Natural Sciences I",NULL,NULL,NULL
"100-3051-clwc-100",96,336,NULL
"c107-113c1-clwb-c107",17,303,NULL
"b700c-839b-clwa-b700c",81,284,NULL
"223-2212-clwa-223",21,314,NULL
"3610-6053-clwa-3610",40,219,NULL
"109-2321-clwa-109",92,321,NULL
"g317hall-850b-clwa-g317hall",55,288,NULL
"2600-6052-clwa-2600",40,218,NULL
"1148b-2111-clwa-1148b",6,412,NULL
"109f-8101-clwa-109f",117,392,NULL
"1100-2221-clwa-1100",22,192,NULL
"-100-3131a-clwa-100",97,338,NULL
"1056hall-0031-clwa-1056hall",65,263,NULL
"-7-0901t-clwa-007",83,289,NULL
"lecture-6051-clwf-lecture",40,217,NULL
"2100-2222-clwa-2100",22,430,NULL
"100-4111-clwJ-100",101,348,NULL
"b111hall-845b-clwa-b111hall",54,287,NULL
"juicebar-6801-clwa-juicebar",41,220,NULL
"2400-5192-clwa-2400",75,474,NULL
"G010-721b-clwa-G010",47,278,NULL
"g244-113g2-clwa-g244",17,301,NULL
"1310b-5031-clwa-1310b",74,464,NULL
"1128-6111-clwa-1128",134,476,NULL
"118-4151-clwb-118",103,351,NULL
"3083hall-0083-clwa-3083hall",3,281,NULL
"124-0061-clwa-124",70,260,NULL
"150-c001-clwg-150",139,499,NULL
"100-2001-clwc-100",85,304,NULL
"courtyard-0082-clwa-courtyard",3,163,NULL
"right-ent-7111-clwa-right-ent",45,225,NULL
"112-2211-clwa-112",21,191,NULL
"1306-2151-clwb-1306",127,427,NULL
"200-i412-clwc-200",144,505,NULL
"426-5024-clwa-426",68,360,NULL
"4030-7214-clwa-4030",47,486,NULL
"174-3021-clwb-174",25,195,NULL
"aud189-8351-clwh-aud189",124,405,NULL
"b200-839b-clwa-b200",81,284,NULL
"1105hall-8431-clwa-1105hall",82,494,NULL
"307hall-6103-clwa-307hall",77,376,NULL
"3750-6053-clwa-3750",40,219,NULL
"220A-2012-clwb-220A",18,305,NULL
"2940-4042-clwa-2940",132,460,NULL
"-2242-5172a-clwa-2242",133,470,NULL
"a-clubhouse-pv2500-clwa-clubhouse",148,511,NULL
"112mdf-2321-clwa-112mdf",92,321,NULL
"3255-6053-clwa-3255",40,219,NULL
"fitnesslab-6801-clwc-fitnesslab",41,220,NULL
"220-6012-clwa-220",39,372,NULL
"1010-6531-clwa-1010",135,480,NULL
"patio-0082-clwa-patio",3,163,NULL
"230-6002-clwa-230",109,368,NULL
"3209-hallway-2143-clwa-3209-hallway",71,424,NULL
"105-6011-clwa-105",39,216,NULL
"b100-605b-clwa-b100",40,276,NULL
"room5-0231-clwa-room5",7,168,NULL
"hallway-6051-clwc-hallway",40,217,NULL
"1111-0031-clwb-1111",65,263,NULL
"b109-113b1-clwa-b109",17,182,NULL
"4566-hallway-2144-clwa-4566-hallway",71,425,NULL
"226f-hwy-0022-clwa-226f-hwy",64,251,NULL
"250-t112-clwc-250",150,514,NULL
"249-7152-clwa-249",112,383,NULL
"a103-113a1-clwa-a103",17,302,NULL
"5400-2225-clwa-5400",22,433,NULL
"400-1024-clwa-400",5,179,NULL
"185-6101-clwa-185",77,374,NULL
"140-4131-clwa-140",102,349,NULL
"3610-6053-clwb-3610",40,219,NULL
"aud189-8351-clwd-aud189",124,405,NULL
"2090-8362-clwa-2090",53,491,NULL
"3100-7213-clwb-3100",47,485,NULL
"326-8121-clwa-326",50,230,NULL
"201ehall-1052-clwa-201ehall",16,294,NULL
"380-twr3-clwa-380",153,520,NULL
"2100-6052-clwa-2100",40,218,NULL
"451-8254-clwa-451",51,402,NULL
"admin-6802-clwa-admin",41,221,NULL
"4530-2224-clwa-4530",22,432,NULL
"wellnesslab-6801-clwa-wellnesslab",41,220,NULL
"lounge-6051-clwb-lounge",40,217,NULL
"380-1023-clwa-380",5,178,NULL
"122-8391-clwa-122",81,407,NULL
"610-2016-clwa-610",18,187,NULL
"126hall-0051-clwa-126hall",1,160,NULL
"commons-ver1-clwa-commons",157,524,NULL
"elev-hallway-2016-clwa-elev-hallway",18,187,NULL
"f110-8311-clwa-f110",122,403,NULL
"hallway-6052-clwa-hallway",40,218,NULL
"lobby-0082-clwa-lobby",3,163,NULL
"2050-0082-clwa-2050",3,163,NULL
"3044-8363-clwa-3044",53,492,NULL
"5000hall-0085-clwa-5000hall",3,164,NULL
"2300-5192-clwb-2300",75,474,NULL
"3004-8363-clwc-3004",53,492,NULL
"L001-836b-clwb-L001",53,282,NULL
"c105-113c1-clwa-c105",17,303,NULL
"west-9012-clwa-west",57,241,NULL
"1514-8451-clwa-1514",54,234,NULL
"conf-2331-clwa-conf",23,193,NULL
"174-3021-clwc-174",25,195,NULL
"640-2016-clwa-640",18,187,NULL
"3400-4023-clwb-3400",130,455,NULL
"520-5025-clwa-520",68,361,NULL
"a124-8131-clwa-a124",119,395,NULL
"2710-6052-clwa-2710",40,218,NULL
"patio-8361-clwa-patio",53,233,NULL
"a132-113a1-clwa-a132",17,302,NULL
"1025-0081-clwa-1025",3,162,NULL
"g116-850b-clwa-g116",55,288,NULL
"1100-4031-clwf-1100",131,458,NULL
"209-7252-clwa-209",114,386,NULL
"182hall-8351-clwa-182hall",124,405,NULL
"lounge-6053-clwb-lounge",40,219,NULL
"2219hall-8202-clwa-2219hall",79,398,NULL
"250-t112-clwb-250",150,514,NULL
"s4211-3214a-clwa-s4211",129,447,10
"502hall-3035-clwa-502hall",26,329,35
"1901-Lobby-7211-clwb-1901-Lobby",47,227,NULL
"3118-6113-clwa-3118",134,478,NULL
"303-hall-2103-clwa-303-hall",20,311,NULL
"4323-hallway-2144-clwa-4323-hallway",71,425,NULL
"mdf-grp1-clwa-mdf",143,504,NULL
"4250-0084-clwa-4250",3,286,NULL
"1603hall-8201-clwa-1603hall",79,490,NULL
"g231-214b-clwa-g231",71,262,NULL
"237-5022-clwa-237",68,358,NULL
"g118d-113g1-clwc-g118d",17,301,NULL
"210-4132-clwa-210",102,350,NULL
"3323-2143-clwa-3323",71,424,NULL
"232-2212-clwa-232",21,314,NULL
"134-5021-clwa-134",68,357,NULL
"147hall-0411-clwa-147hall",72,266,NULL
"L001-836b-clwc-L001",53,282,NULL
"f110-8311-clwe-f110",122,403,NULL
"-1413-5171a-clwa-1413",133,469,NULL
"107-1111-clwa-107",63,295,NULL
"1209-hallway-2141-clwa-1209-hallway",71,422,NULL
"g308hall-113g3-clwa-g308Nhall",17,301,NULL
"2200-6112-clwa-2200",134,477,NULL
"lecture-6051-clwc-lecture",40,217,NULL
"4220-2144-clwa-4220",71,425,NULL
"2300-2222-clwa-2300",22,430,NULL
"100-6101-clwf-100",77,374,NULL
"1200-4031-clwb-1200",131,458,NULL
"b520-519b-clwa-b520",75,272,NULL
"4800-0084-clwa-4800",3,286,NULL
"500e-6005-clwa-500e",109,371,NULL
"1200-5191-clwb-1200",75,473,NULL
"1201-7211-clwb-1201",47,227,NULL
"350-8393-clwa-350",81,409,NULL
"2052-7212-clwa-2052",47,484,NULL
"g118b-113g1-clwa-g118b",17,301,NULL
"s206hall-8171-clwa-s206hall",120,396,NULL
"room4-5331-clwa-room4",69,259,NULL
"250-t112-clwa-250",150,514,NULL
"c117-113c1-clwa-c117",17,303,NULL
"128-9011-clwa-128",57,240,NULL
"161a-6011-clwa-161a",39,216,NULL
"200-t202-clwd-200",151,516,NULL
"3020-0083-clwa-3020",3,281,NULL
"238-2012-clwa-238",18,305,NULL
"2080-0082-clwa-2080",3,163,NULL
"153hall-cpt1-clwa-153hall",141,502,NULL
"1600-6051-clwa-1600",40,217,NULL
"basement-102b-clwb-basement",5,166,NULL
"courtyard-6011-clwb-courtyard",39,216,NULL
"3310-6053-clwa-3310",40,219,NULL
"528-6005-clwa-528",109,371,NULL
"220A-2012-clwa-220A",18,305,NULL
"340-8253-clwa-340",51,401,NULL
"catwalk-9012-clwc-catwalk",57,241,NULL
"fieldhouse-6841-clwa-fieldhouse",43,223,NULL
"1120-6051-clwa-1120",40,217,NULL
"1201-7211-clwc-1201",47,227,NULL
"paciolan-9111-clwa-paciolan",60,245,NULL
"229hall-6002-clwa-229hall",109,368,NULL
"courtyard-2211-clwb-courtyard",21,191,NULL
"r206-8171-clwa-r206",120,396,NULL
"c105-113c1-clwb-c105",17,303,NULL
"1100-4031-clwb-1100",131,458,NULL
"mdf-6801-clwa-mdf",41,220,NULL
"345chall-1113-clwa-345chall",63,297,NULL
"3336-2153-clwa-3336",127,429,NULL
"103-3151-clwa-103",98,339,NULL
"190a-7141-clwa-190a",111,380,NULL
"342-0023-clwa-342",64,252,NULL
"013hall-cpt1-clwa-013hall",141,502,NULL
"1030-6111-clwb-1030",134,476,NULL
"2501-8432-clwa-2501",82,495,NULL
"2001-0032-clwb-2001",65,264,NULL
"3200hall-6053-clwf-3200hall",40,219,NULL
"141-3231-clwa-141",100,341,10
"120-4131-clwb-120",102,349,NULL
"3236Hall-5033-clwa-3236Hall",74,466,NULL
"r402hall-8171-clwa-r402hall",120,396,NULL
"1117hall-8501-clwa-1117hall",55,238,NULL
"lot-1c-0071-clwa-lot-1c",2,161,NULL
"3600-6053-clwa-3600",40,219,NULL
"b300-839b-clwa-b300",81,284,NULL
"backcourtgym-6802-clwa-backcourtgym",41,221,NULL
"b203-113b2-clwb-b203",17,182,NULL
"-518-clwb",9,170,NULL
"110-3051-clwb-110",96,336,NULL
"218-a012-clwa-218",138,498,NULL
"3125-8363-clwa-3125",53,492,NULL
"150-8391-clwa-150",81,407,NULL
"101a-1021-clwa-101a",5,176,NULL
"4128-2114-clwa-4128",6,415,NULL
"g413-113g4-clwa-g413",17,301,NULL
"1120-8361-clwa-1120",53,233,NULL
"3200-8453-clwa-3200",54,236,NULL
"155c-8351-clwa-155c",124,405,NULL
"1241-2141-clwa-1241",71,422,NULL
"-2302-5172b-clwb-2302",133,470,NULL
"3108Hall-5033-clwa-3108Hall",74,466,NULL
"436-1114-clwa-436",63,298,NULL
"1400-2221-clwa-1400",22,192,NULL
"290-2022-clwb-290",86,307,NULL
"200-i412-clwh-200",144,505,NULL
"2313-4172-clwa-2313",73,462,NULL
"2800-6052-clwb-2800",40,218,NULL
"-1114a-5171a-clwa-1114a",133,469,NULL
"drumsouth-5202a-clwa-drumsouth",35,209,NULL
"128-5021-clwa-128",68,357,NULL
"lecture-6052-clwb-lecture",40,218,NULL
"b109-113b1-clwc-b109",17,182,NULL
"meeting-8001-clwa-meeting",49,229,NULL
"203-1052-clwa-203",16,294,NULL
"250-8392-clwc-250",81,408,NULL
"1302-8451-clwa-1302",54,234,NULL
"1022-6111-clwa-1022",134,476,NULL
"340-2013-clwa-340",18,184,NULL
"100-4111-clwg-100",101,348,NULL
"109hall-6251-clwa-109hall",110,378,NULL
"100-2001-clwf-100",85,304,NULL
"2101-8432-clwa-2101",82,495,NULL
"2700-6052-clwa-2700",40,218,NULL
"5100hall-2225-clwa-5100hall",22,433,NULL
"111-8971-clwa-111",125,410,NULL
"4100hall-0084-clwa-4100hall",3,286,NULL
"a134a-113a1-clwa-a134a",17,302,NULL
"1200-5191-clwj-1200",75,473,NULL
"study-1012-clwf-study",14,175,NULL
"178-6011-clwa-178",39,216,NULL
"315hall-6103-clwa-315hall",77,376,NULL
"2230-6112-clwa-2230",134,477,NULL
"201d-hwy-0022-clwa-201d-hwy",64,251,NULL
"familyrm-tuh1-clwa-familyrm",152,517,NULL
"420-0024-clwb-420",64,253,NULL
"214a-5121-clwa-214a",33,207,NULL
"a104-113a1-clwb-a104",17,302,NULL
"1100-6051-clwb-1100",40,217,NULL
"153-6101-clwa-153",77,374,NULL
"drumwest-5205B-clwa-drumWest",35,211,NULL
"-c200b-113c2-clwa-c200b",17,303,NULL
"3300-2223-clwa-3300",22,431,NULL
"conference-5063-clwa-conference",32,206,NULL
"G030-721b-clwa-G030",47,278,NULL
"c200-113c2-clwa-c200",17,303,NULL
"290-7142-clwa-290",111,381,NULL
"-3112-5173a-clwa-3112",133,471,NULL
"3080-0083-clwa-3080",3,281,NULL
"129-6251-clwa-129",110,378,NULL
"L017hall-836b-clwa-L017hall",53,282,NULL
"4307Hall-5034-clwa-4307Hall",74,467,NULL
"168-2021-clwa-168",86,306,NULL
"652-3036-clwa-652",26,330,35
"aud189-8351-clwi-aud189",124,405,NULL
"437f-1114-clwa-437f",63,298,NULL
"1030-6111-clwa-1030",134,476,NULL
"400-1024-clwb-400",5,179,NULL
"120-7131-clwa-120",46,226,NULL
"249hall-6102-clwa-249hall",77,375,NULL
"guest-tuh1-clwa-guest",152,517,NULL
"291-8352-clwa-291",124,406,NULL
"1070-6111-clwb-1070",134,476,NULL
"2317-2152-clwa-2317",127,428,NULL
"240-8392-clwb-240",81,408,NULL
"100-4111-clwI-100",101,348,NULL
"101-4001-clwc-101",66,343,NULL
"256-4152-clwa-256",103,352,NULL
"160-1111-clwa-160",63,295,NULL
"3200hall-6053-clwe-3200hall",40,219,NULL
"4600-0084-clwa-4600",3,286,NULL
"L028-836b-clwa-L028",53,282,NULL
"154hall-8391-clwa-154hall",81,407,NULL
"1200-2221-clwb-1200",22,192,NULL
"3600hall-6053-clwa-3600hall",40,219,NULL
"1110-6051-clwa-1110",40,217,NULL
"2200-1052-clwa-2200",16,294,NULL
"167-2361-clwa-167",94,323,NULL
"catwalk-9012-clwa-catwalk",57,241,NULL
"govinfo-1021-clwa-govinfo",5,176,NULL
"130b-0021-clwa-130b",64,250,NULL
"110-0021-clwa-110",64,250,NULL
"1200-8201-clwa-1200",79,490,NULL
"a103-113a1-clwb-a103",17,302,NULL
"204-2302-clwa-204",90,318,NULL
"300-5121-clwa-300",33,207,NULL
"g458-113g4-clwa-g458",17,301,NULL
"3220-2143-clwa-3220",71,424,NULL
"4025-8454-clwa-4025",54,237,NULL
"430-6004-clwa-430",109,370,NULL
"study-1021-clwb-study",5,176,NULL
"cohen-theater-7131-clwb-cohen-theater",46,226,NULL
"a124-8131-clwb-a124",119,395,NULL
"3030-0083-clwa-3030",3,281,NULL
"b218hall-837b-clwa-b218hall",80,283,NULL
"4260-2144-clwa-4260",71,425,NULL
"111-v681-clwa-111",156,523,NULL
"1700-6051-clwa-1700",40,217,NULL
"125-8101-clwa-125",117,392,NULL
"2070-0082-clwa-2070",3,163,NULL
"1131-0031-clwc-1131",65,263,NULL
"b012-401b-clwa-b012",30,265,NULL
"145hall-0051-clwa-145hall",1,160,NULL
"446-8254-clwa-446",51,402,NULL
"100-4111-clwd-100",101,348,NULL
"-3242-5173a-clwa-3242",133,471,NULL
"110-4151-clwa-110",103,351,NULL
"101-7251-clwa-101",114,385,NULL
"3300-5193-clwc-3300",75,475,NULL
"346-5023-clwa-346",68,359,NULL
"100-5011-clwI-100",106,356,NULL
"408-2014-clwa-408",18,185,NULL
"hallway-6051-clwa-hallway",40,217,NULL
"142hall-cpt1-clwa-142hall",141,502,NULL
"2009-0032-clwa-2009",65,264,NULL
"3070-0083-clwa-3070",3,281,NULL
"206hall-8202-clwa-206hall",79,398,NULL
"4054-7214-clwa-4054",47,486,NULL
"5010-0085-clwa-5010",3,164,NULL
"training-9031-clwb-training",10,243,NULL
"112-hall-2101-clwa-112-hall",20,190,NULL
"2100-2222-clwb-2100",22,430,NULL
"200-t202-clwc-200",151,516,NULL
"study-1012-clwb-study",14,175,NULL
"b61-400b-clwa-b61",66,255,NULL
"525-1025-clwa-525",5,293,NULL
"b100-605b-clwb-b100",40,276,NULL
"2205Hall-5032-clwa-2205Hall",74,465,NULL
"e3112-3213b-clwa-e3112",129,446,10
"331-3033-clwa-331",26,327,35
"111-2321-clwa-111",92,321,NULL
"3100-0083-clwa-3100",3,281,NULL
"gym-9031-clwa-gym",10,243,NULL
"aud189-8351-clwb-aud189",124,405,NULL
"L001-836b-clwd-L001",53,282,NULL
"2092-8362-clwa-2092",53,491,NULL
"courtyard-2211-clwa-courtyard",21,191,NULL
"a130-113a1-clwb-a130",17,302,NULL
"2030-0082-clwa-2030",3,163,NULL
"1400-2221-clwb-1400",22,192,NULL
"3200hall-6053-clwb-3200hall",40,219,NULL
"a309-113a3-clwa-a309",17,302,NULL
"-175-5201a-clwa-175",35,363,NULL
"125-0581-clwa-125",76,273,NULL
"planter-ip41-clwa-planter",146,507,NULL
"b103-843b-clwa-b103",82,285,NULL
"4035-6114-clwa-4035",134,479,NULL
"g118c-113g1-clwa-g118c",17,301,NULL
"aud189-8351-clwg-aud189",124,405,NULL
"3030-6533-clwa-3030",135,482,NULL
"1002-1051-clwa-1002",16,181,NULL
"252-4152-clwa-252",103,352,NULL
"310-0023-clwa-310",64,252,NULL
"koll-9011-clwa-koll",57,240,NULL
"pool-6801-clwa-pool",41,220,NULL
"3119-8363-clwa-3119",53,492,NULL
"1020-0081-clwa-1020",3,162,NULL
"201-0921-clwa-201",4,290,NULL
"3101-8453-clwb-3101",54,236,NULL
"1020-1051-clwa-1020",16,181,NULL
"b445hall-503b-clwa-b445hall",74,271,NULL
"1015hall-0081-clwa-1015hall",3,162,NULL
"262-6802-clwa-262",41,221,NULL
"171b-8351-clwa-171b",124,405,NULL
"northeast-9012-clwa-northeast",57,241,NULL
"-6165hall-5206a-clwa-6165hall",35,212,NULL
"3460hall-0033-clwa-3460hall",65,254,NULL
"saferm-tuh1-clwa-saferm",152,517,NULL
"L048-836b-clwa-L048",53,282,NULL
"3720-6053-clwa-3720",40,219,NULL
"201-7252-clwa-201",114,386,NULL
"incinerator-8121-clwa-incinerator",50,230,NULL
"b62b-502b-clwa-b62b",68,258,NULL
"b200hall-845b-clwa-b200hall",54,287,NULL
"246-8352-clwa-246",124,406,NULL
"complab-903b-clwa-complab",10,171,NULL
"-2144-5172a-clwa-2144",133,470,NULL
"lounge-6051-clwa-lounge",40,217,NULL
"buslot-6801-clwb-buslot",41,220,NULL
"160-2101-clwa-160",20,190,NULL
"parkroom-1031-clwa-parkroom",15,180,NULL
"380-twr3-clwb-380",153,520,NULL
"4800-0084-clwb-4800",3,286,NULL
"3500hall-6053-clwa-3500hall",40,219,NULL
"g318-113g3-clwa-g318",17,301,NULL
"hallway-ip41-clwa-hallway",146,507,NULL
"maintoffice-0971-clwa-maintoffice",13,174,NULL
"lecture-6052-clwh-lecture",40,218,NULL
"102-2311-clwa-102",91,319,NULL
"b109-113b1-clwb-b109",17,182,NULL
"120b-0021-clwa-120b",64,250,NULL
"1111-0031-clwa-1111",65,263,NULL
"230-5022-clwa-230",68,358,NULL
"1002-6111-clwa-1002",134,476,NULL
"1133-8371-clwa-1133",80,493,NULL
"a138hall-113a1-clwa-a138hall",17,302,NULL
"community-pv22-clwa-community",148,510,NULL
"4001-8454-clwb-4001",54,237,NULL
"lecture-6052-clwf-lecture",40,218,NULL
"3740-6053-clwa-3740",40,219,NULL
"251-i312-clwa-251",144,505,NULL
"107-0041-clwa-107",67,256,NULL
"e2145hall-3212b-clwa-e2145hall",129,445,10
"5268hall-3085-clwa-5268hall",27,437,35
"2372-2152-clwa-2372",127,428,NULL
"1028hall-8361-clwa-1028hall",53,233,NULL
"2101-8452-clwb-2101",54,235,NULL
"c640hall-8171-clwa-c640hall",120,396,NULL
"100-3051-clwa-100",96,336,NULL
"plaza-2011-clwa-plaza",18,183,NULL
"131-6251-clwa-131",110,378,NULL
"343-6103-clwa-343",77,376,NULL
"3910-2223-clwa-3910",22,431,NULL
"2610-6052-clwa-2610",40,218,NULL
"g200-214b-clwa-g200",71,262,NULL
"230hall-0412-clwa-230hall",72,267,NULL
"100-2001-clwb-100",85,304,NULL
"trailer2-5221-clwa-trailer2",37,214,NULL
"g312hall-850b-clwa-g312hall",55,288,NULL
"288-5022-clwa-288",68,358,NULL
"4500-8454-clwa-4500",54,237,NULL
"110-6101-clwa-110",77,374,NULL
"6537-vpe1-clwa-6537",158,525,NULL
"2413Hall-5032-clwa-2413Hall",74,465,NULL
"320-0023-clwb-320",64,252,NULL
"-4242-5174a-clwa-4242",133,472,NULL
"lounge-7281-clwa-lounge",48,228,NULL
"b234hall-837b-clwa-b234hall",80,283,NULL
"conference-0071b-clwa-conference",2,161,NULL
"3111-4173-clwa-3111",73,463,NULL
"362hall-8393-clwa-362hall",81,409,NULL
"1070-6531-clwa-1070",135,480,NULL
"shopstores-0971-clwa-shopstores",13,174,NULL
"a104-113a1-clwa-a104",17,302,NULL
"trailer-m791-clwb-trailer",147,508,NULL
"M04-7231-clwa-M04",78,279,NULL
"1222-4171-clwa-1222",73,461,NULL
"2290-2132-clwa-2290",126,418,NULL
"267-5022-clwa-267",68,358,NULL
"121-2211-clwa-121",21,191,NULL
"lecture-6052-clwe-lecture",40,218,NULL
"104-4001-clwc-104",66,343,NULL
"3130-5193-clwa-3130",75,475,NULL
"c211-113c2-clwa-c211",17,303,NULL
"4628-0084-clwa-4628",3,286,NULL
"114-5351-clwa-114",107,365,NULL
"G028-721b-clwb-G028",47,278,NULL
"111hall-0411-clwa-111hall",72,266,NULL
"b612hall-845b-clwa-b612hall",54,287,NULL
"353-hall-2103-clwa-353-hall",20,311,NULL
"150-c001-clwd-150",139,499,NULL
"1070-6111-clwc-1070",134,476,NULL
"a307-113a3-clwa-a307",17,302,NULL
"a130-113a1-clwa-a130",17,302,NULL
"254hall-8392-clwa-254hall",81,408,NULL
"g003-outside-850b-clwa-g003-outside",55,288,NULL
"2020-0082-clwa-2020",3,163,NULL
"4100-0084-clwa-4100",3,286,NULL
"2700-6052-clwb-2700",40,218,NULL
"2076hall-0032-clwa-2076hall",65,264,NULL
"106d-1011-clwa-106d",14,292,NULL
"169-0411-clwa-169",72,266,NULL
"100-t201-clwc-100",151,515,NULL
"1600-6051-clwb-1600",40,217,NULL
"1307hall-8201-clwa-1307hall",79,490,NULL
"a220-113a2-clwd-a220",17,302,NULL
"2240-2142-clwa-2240",71,423,NULL
"420-0024-clwa-420",64,253,NULL
"4800phall-0044-clwa-4800phall",67,270,NULL
"2037-7212-clwc-2037",47,484,NULL
"259hall-6002-clwa-259hall",109,368,NULL
"hallway-6051-clwf-hallway",40,217,NULL
"4500-0044-clwa-4500",67,270,NULL
"844hall-3038-clwa-844hall",26,332,35
"3432-3083-clwa-3432",27,435,35
"breezeway-3031-clwb-breezeway",26,197,35
"104-1011-clwa-104",14,292,NULL
"272-5022-clwa-272",68,358,NULL
"buslot-6801-clwd-buslot",41,220,NULL
"3301-6113-clwa-3301",134,478,NULL
"5200-2225-clwa-5200",22,433,NULL
"1363-8431-clwa-1363",82,494,NULL
"1319hall-8201-clwa-1319hall",79,490,NULL
"b300-839b-clwb-b300",81,284,NULL
"courtyard-2221-clwc-courtyard",22,192,NULL
"1700-6051-clwb-1700",40,217,NULL
"101-2101-clwb-101",20,190,NULL
"-609-5206b-clwa-609",35,212,NULL
"163-2361-clwa-163",94,323,NULL
"222-8352-clwa-222",124,406,NULL
"075hall-610b-clwa-075hall",77,277,NULL
"3300-vpp1-clwa-3300",159,526,NULL
"150-c001-clwi-150",139,499,NULL
"hallway-8991-clwa-hallway",56,239,NULL
"lecture-6051-clwm-lecture",40,217,NULL
"100-2341-clwa-100",93,322,NULL
"2022hall-8362-clwa-2022hall",53,491,NULL
"226-6012-clwa-226",39,372,NULL
"126-4231-clwa-126",104,353,NULL
"273-6102-clwa-273",77,375,NULL
"1100-4031-clwg-1100",131,458,NULL
"318-8393-clwa-318",81,409,NULL
"wellnesslab-6801-clwb-wellnesslab",41,220,NULL
"1000-2221-clwa-1000",22,192,NULL
"3600-6053-clwb-3600",40,219,NULL
"automation-trai-8991-clwa-automation-trai",56,239,NULL
"4500-2224-clwa-4500",22,432,NULL
"129-2021-clwa-129",86,306,NULL
"223-0042-clwa-223",67,257,NULL
"3730-6053-clwa-3730",40,219,NULL
"100-t201-clwf-100",151,515,NULL
"100-4111-clwc-100",101,348,NULL
"100-2001-clwa-100",85,304,NULL
"158-8101-clwa-158",117,392,NULL
"3260-2143-clwa-3260",71,424,NULL
"-c133a-113c1-clwa-c133a",17,303,NULL
"-3403-5173b-clwb-3403",133,471,NULL
"206-2022-clwa-206",86,307,NULL
"2060hall-0082-clwa-2060hall",3,163,NULL
"226-5022-clwa-226",68,358,NULL
"a229-113a2-clwb-a229",17,302,NULL
"a105-113a1-clwb-a105",17,302,NULL
"courtyard-2221-clwa-courtyard",22,192,NULL
"a235-113a2-clwa-a235",17,302,NULL
"5800-0085-clwc-5800",3,164,NULL
"1200-2221-clwa-1200",22,192,NULL
"231-6012-clwa-231",39,372,NULL
"120-4151-clwa-120",103,351,NULL
"-489-5204a-clwa-489",35,210,NULL
"-151-0071b-clwa-151",2,161,NULL
"1311hall-8501-clwa-1311hall",55,238,NULL
"hall-8454-clwb-hall",54,237,NULL
"222-0042-clwa-222",67,257,NULL
"228-2012-clwa-228",18,305,NULL
"201-2312-clwa-201",91,320,NULL
"hallway-6051-clwe-hallway",40,217,NULL
"hall-8454-clwa-hall",54,237,NULL
"250-i312-clwb-250",144,505,NULL
"2111-8362-clwa-2111",53,491,NULL
"3229-7273-clwa-3229",136,488,NULL
"1200-5191-clwd-1200",75,473,NULL
"b214-417b-clwa-b214",73,268,NULL
"128-7131-clwa-128",46,226,NULL
"105-0061-clwa-105",70,260,NULL
"b213hall-503b-clwa-b213hall",74,271,NULL
"100-5011-clwd-100",106,356,NULL
"e3116-3213b-clwa-e3161",129,446,10
"649hall-3036-clwa-649hall",26,330,35
"2214hall-8202-clwa-2214hall",79,398,NULL
"200-c042-clwa-200",139,500,NULL
"2214-4172-clwa-2214",73,462,NULL
"bunker-5221b-clwa-bunker",37,214,NULL
"150-c001-clwf-150",139,499,NULL
"2020-6112-clwa-2020",134,477,NULL
"1200-5191-clwi-1200",75,473,NULL
"143-7151-clwa-143",112,382,NULL
"servkitchen-tuh1-clwa-servkitchen",152,517,NULL
"lecture-6051-clwa-lecture",40,217,NULL
"304-0023-clwa-304",64,252,NULL
"201-a012-clwa-201",138,498,NULL
"b340-519b-clwa-b340",75,272,NULL
"101-4501-clwa-101",105,354,NULL
"381b-8122-clwa-381b",50,394,NULL
"408-0024-clwa-408",64,253,NULL
"-160-5201a-clwa-160",35,363,NULL
"lobby-2101-clwa-lobby",20,190,NULL
"264hall-8392-clwa-264hall",81,408,NULL
"bookst-113b2-clwa-bookst",17,182,NULL
"g213-outside-850b-clwa-g213-outside",55,288,NULL
"102-2031-clwa-102",87,309,NULL
"b112-401b-clwa-b112",30,265,NULL
"1100-4031-clwe-1100",131,458,NULL
"340-6013-clwa-340",39,373,NULL
"2600-6052-clwb-2600",40,218,NULL
"3120-2113-clwa-3120",6,414,NULL
"400-1024-clwc-400",5,179,NULL
"1128-8361-clwa-1128",53,233,NULL
"switchroom-9022-clwa-switchroom",58,242,NULL
"-311-5203b-clwa-311",35,364,NULL
"1000-8361-clwa-1000",53,233,NULL
"200-8392-clwa-200",81,408,NULL
"140hall-0051-clwa-140hall",1,160,NULL
"b302hall-503b-clwa-b302hall",74,271,NULL
"111-8351-clwa-111",124,405,NULL
"1030-6531-clwa-1030",135,480,NULL
"155a-2011-clwa-155a",18,183,NULL
"396hall-1023-clwa-396hall",5,178,NULL
"214-a012-clwa-214",138,498,NULL
"3201-7213-clwb-3201",47,485,NULL
"270-2022-clwa-270",86,307,NULL
"1042-8431-clwa-1042",82,494,NULL
"130-6251-clwa-130",110,378,NULL
"316-7263-clwa-316",115,389,NULL
"4210-2144-clwa-4210",71,425,NULL
"2040-0082-clwa-2040",3,163,NULL
"100-2001-clwd-100",85,304,NULL
"b623hall-845b-clwa-b623hall",54,287,NULL
"85-610b-clwa-085",77,277,NULL
"212hall-0042-clwa-212hall",67,257,NULL
"2013hallway-5192-clwa-2013hallway",75,474,NULL
"-6129hall-5206b-clwa-6129hall",35,212,NULL
"2094-8362-clwa-2094",53,491,NULL
"4280hall-0084-clwa-4280hall",3,286,NULL
"354hall-8122-clwa-354hall",50,394,NULL
"117-1111-clwa-117",63,295,NULL
"173-6001-clwa-173",109,367,NULL
"1127-6111-clwa-1127",134,476,NULL
"1121-6111-clwa-1121",134,476,NULL
"200-i312-clwa-200",144,505,NULL
"442-2014-clwa-442",18,185,NULL
"b320-519b-clwa-b320",75,272,NULL
"110-3051-clwa-110",96,336,NULL
"100-5011-clwg-100",106,356,NULL
"100-0021-clwb-100",64,250,NULL
"mdf-8251-clwa-mdf",51,231,NULL
"3-ich1-clwa-03",145,506,NULL
"5300-2225-clwa-5300",22,433,NULL
"-571-5205a-clwa-571",35,211,NULL
"3400-5193-clwc-3400",75,475,NULL
"3403-3211b-clwa-e1141",129,444,10
"702hall-3037-clwa-702hall",26,331,35
"bookstore-113b1-clwa-bookstoredock",17,182,NULL
"134-t001-clwa-134",150,513,NULL
"b68-400b-clwa-b68",66,255,NULL
"1114Hall-5031-clwa-1114Hall",74,464,NULL
"L001-836b-clwa-L001",53,282,NULL
"249-3022-clwa-249",25,196,73
"4213-3084-clwa-4213",27,436,35
